date,actor,actor_match_type,title,domain,sourcecountry,language,url,tone_score,tone_label
2026-08-18 20:15:00,"Iran, Pakistan",group_level,Report : Israeli Airstrikes Hit Syrian Airbase as Turkey Expands Regional Military Footprint,legalinsurrection.com,United States,English,https://legalinsurrection.com/2026/08/report-israeli-airstrikes-hit-syrian-airbase-as-turkey-expands-regional-military-footprint/,0.1027,positive
2026-08-18 15:15:00,"Iran, Pakistan",group_level,Should India be worried about the Mecca defense pact ? ,dw.com,Germany,English,https://www.dw.com/en/should-india-be-worried-about-the-mecca-defense-pact/a-78415444,-0.1779,negative
2026-08-18 13:45:00,Pakistan,headline_match,Pakistan to honor 3 Turkish ministers with award,hurriyetdailynews.com,Turkey,English,https://www.hurriyetdailynews.com/pakistan-to-honor-3-turkish-ministers-with-award-225758,0.7717,positive
2026-08-18 11:15:00,Pakistan,headline_match,Why Pakistan is boosting defence ties with a nation known for its pirates,economictimes.indiatimes.com,India,English,https://economictimes.indiatimes.com/news/defence/why-pakistan-is-boosting-defence-ties-with-a-nation-known-for-its-pirates/articleshow/133317935.cms,0.4215,positive
2026-08-18 10:15:00,Pakistan,headline_match,"Pakistan Mecca defence pact wants Egypt to join Saudi and Turkey , but Cairo is saying no : Is India the reason ? ",moneycontrol.com,India,English,https://www.moneycontrol.com/world/pakistan-s-mecca-defence-pact-wants-egypt-to-join-saudi-and-turkey-but-cairo-is-saying-no-is-india-the-reason-article-14009127.html,-0.25,negative
2026-08-18 09:15:00,"Iran, Pakistan",group_level,Mekke Ortak Savunma Anlaşması : Bölgesel düzenin yeniden kuruluşu ve küresel g rekabetinin gölgesi,yeniakit.com.tr,Turkey,Turkish,https://www.yeniakit.com.tr/haber/mekkeortaksavunma-anlasmasi-bolgesel-duzenin-yeniden-kurulusu-ve-kuresel-guc-rekabetinin-golgesi-2018112.html,0.0,neutral
2026-08-18 05:45:00,"Iran, Pakistan",group_level,Why Egypt is staying out of  Islamic Nato : Is India a factor ? ,moneycontrol.com,India,English,https://www.moneycontrol.com/world/why-egypt-is-staying-out-of-islamic-nato-is-india-a-factor-article-14008279.html,0.0,neutral
2026-08-18 04:15:00,Iran,headline_match,Why Trump Said No To Extending Iran MOU As 60 - Day Deadline Passes Amid War With Tehran,newsx.com,India,English,https://www.newsx.com/world/why-trump-said-no-to-extending-iran-mou-as-60-day-deadline-passes-amid-war-with-tehran-261555/,-0.7269,negative
2026-08-18 00:15:00,"Iran, Pakistan",headline_match,"Makkah Agreement : Can Saudi Arabia , Türkiye and Pakistan Counter Iran ? ",dailypioneer.com,India,English,https://dailypioneer.com/news/the-makkah-triangle-and-the-iran-test,0.4939,positive
2026-08-17 19:00:00,Pakistan,headline_match,Trump Hails Pakistan – Saudi – Türkiye Defence Pact,pakistantoday.com.pk,Pakistan,English,https://www.pakistantoday.com.pk/2026/08/17/trump-welcomes-pakistan-ksa-turkiye-defence-pact,0.1027,positive
2026-08-17 19:00:00,"Iran, Pakistan",group_level,Shujauddin Sheikh : Ummah decline stems from Quran distance,pakistantoday.com.pk,Pakistan,English,https://www.pakistantoday.com.pk/2026/08/17/root-cause-of-ummahs-decline-lies-in-its-distance-from-the-universal-message-of-quran-says-shujauddin-sheikh,0.0,neutral
2026-08-17 19:00:00,"Iran, Pakistan",group_level,Erdogan highlights scope of Mecca Defense Agreement,plenglish.com,Cuba,English,https://www.plenglish.com/news/2026/08/17/erdogan-highlights-scope-of-mecca-defense-agreement/,0.5719,positive
2026-08-17 18:15:00,"Iran, Pakistan",group_level,"Trump Hails Mecca Defense Pact As  Big , Bold , Important First Step  ",zerohedge.com,United States,English,https://www.zerohedge.com/geopolitical/trump-hails-mecca-defense-pact-big-bold-important-first-step,0.5994,positive
2026-08-17 18:00:00,"Iran, Pakistan",group_level,Сводка событий в Иране и на Ближнем Востоке за 16 августа 2026 г . ,anna-news.info,Ukraine,Russian,https://anna-news.info/svodka-sobytij-v-irane-i-na-blizhnem-vostoke-za-16-avgusta-2026-g/,0.0,neutral
2026-08-17 14:15:00,"Iran, Pakistan",group_level,Mecca Joint Defense Agreement : Reestablishment of regional order and shadow of global power competition,aa.com.tr,Turkey,English,https://aa.com.tr/en/opinion/mecca-joint-defense-agreement-reestablishment-of-regional-order-and-shadow-of-global-power-competition/4029627,0.5719,positive
2026-08-17 12:45:00,"Iran, Pakistan",group_level,"Mecca defence pact : For Modi govt , Op Sindoor 2 . 0 is impossible",siasat.com,India,English,https://www.siasat.com/mecca-defence-pact-for-modi-govt-op-sindoor-2-0-is-impossible-3526140/,0.1027,positive
2026-08-17 11:00:00,Iran,headline_match,"Stallo Iran , scade lultimatum di Trump : cosa succede ora a Hormuz , news",adnkronos.com,Italy,Italian,https://www.adnkronos.com/internazionale/esteri/ira-usa-negoziati-stallo-hormuz-news-oggi_24oTI0PBMa7teARtn5TL51,0.0,neutral
2026-08-17 10:45:00,Iran,headline_match,"Usa - Iran , 60 giorni senza accordo : il nucleare e lo Stretto di Hormuz restano i nodi - il Fatto Nisseno",ilfattonisseno.it,Italy,Italian,https://www.ilfattonisseno.it/2026/08/usa-iran-60-giorni-senza-accordo-il-nucleare-e-lo-stretto-di-hormuz-restano-i-nodi/,0.0,neutral
2026-08-17 08:45:00,"Iran, Pakistan",group_level,Mekke Savunma Paktı : Yeni Güvenlik Mimarisi,haberler.com,Turkey,Turkish,https://www.haberler.com/guncel/analiz-mekke-ortak-savunma-anlasmasi-bolgesel-20151502-haberi/,0.0,neutral
2026-08-17 08:00:00,"Iran, Pakistan",group_level,PM Shehbaz appreciates Trump support for Makkah defence pact,tribune.com.pk,Pakistan,English,https://tribune.com.pk/story/2624340/pm-shehbaz-appreciates-trumps-support-for-makkah-defence-pact,0.7506,positive
2026-08-17 07:15:00,Pakistan,headline_match,  Bold and important first step : Trump hails Pakistan - KSA - Turkiye defence pact,geo.tv,Pakistan,English,https://www.geo.tv/latest/677898-bold-and-important-first-step-trump-hails-pakistan-ksa-turkiye-defence-pact,0.5859,positive
2026-08-17 05:45:00,"Iran, Pakistan",group_level,"Трамп приветствовал оборонный пакт Саудовской Аравии , Турции и Пакистана",unn.ua,,Russian,https://unn.ua/ru/news/tramp-privetstvoval-oboronnii-pakt-saudovskoi-aravii-turtsii-i-pakistana,0.0,neutral
2026-08-17 05:15:00,"Iran, Pakistan",group_level,"Erdoğandan Al Jazeerada kritik mesaj : Mısır , Mekke İttifakı  na katılabilir",sabah.com.tr,Turkey,Turkish,https://www.sabah.com.tr/gundem/2026/08/17/erdogandan-al-jazeerada-kritik-mesaj-misir-mekke-ittifakina-katilabilir,0.0,neutral
2026-08-17 04:30:00,"Iran, Pakistan",group_level,Mekke Anlaşması  nın yankıları sürüyor - Günlük Yazarlar Haberleri,yeniasir.com.tr,Turkey,Turkish,https://www.yeniasir.com.tr/yazarlar/bulent-erandac/2026/08/17/mekke-anlasmasinin-yankilari-suruyor,0.0,neutral
2026-08-17 03:00:00,Pakistan,headline_match,"Donald Trump welcomes Saudi - Turkey - Pakistan defence agreement , terms it as  big , bold  step",economictimes.indiatimes.com,India,English,https://economictimes.indiatimes.com/news/international/global-trends/donald-trump-welcomes-saudi-turkey-pakistan-defence-agreement-terms-it-as-big-bold-step/articleshow/133284643.cms,0.836,positive
2026-08-16 22:45:00,Iran,headline_match,Iran interests and the Mecca Defense Pact,sott.net,United States,English,https://www.sott.net/article/507949-Irans-interests-and-the-Mecca-Defense-Pact,0.3612,positive
2026-08-16 22:30:00,Pakistan,headline_match,Reading Pakistan beyond the Mecca pact,tribuneindia.com,India,English,https://www.tribuneindia.com/news/comment/reading-pakistan-beyond-the-mecca-pact/,0.0,neutral
2026-08-16 19:30:00,"Iran, Pakistan",group_level,Erdogan says Egypt could soon join the  Mecca Pact  ,morningstaronline.co.uk,United Kingdom,English,https://morningstaronline.co.uk/article/erdogan-says-egypt-could-soon-join-mecca-pact,0.296,positive
2026-08-16 19:30:00,"Iran, Pakistan",group_level,The Mecca pact is a sign US power is waning in the Middle East,morningstaronline.co.uk,United Kingdom,English,https://morningstaronline.co.uk/article/mecca-pact-sign-us-power-waning-middle-east,0.0,neutral
2026-08-16 18:00:00,Pakistan,headline_match,"Mecca pact unites Saudi Arabia , Turkey , and Pakistan - but what does it mean ? ",jpost.com,Israel,English,http://www.jpost.com/opinion/article-905279,0.0,neutral
2026-08-16 18:00:00,Pakistan,headline_match,"Mecca pact unites Saudi Arabia , Turkey , and Pakistan - but what does it mean ? ",jpost.com,Israel,English,https://www.jpost.com/opinion/article-905279,0.0,neutral
2026-08-16 14:45:00,"Iran, Pakistan",group_level,Greece leverages Egypt and Saudi ties to counter Turkish influence in Mecca pact,bankingnews.gr,Greece,English,https://www.bankingnews.gr/amyna-diplomatia/articles/894056/greece-leverages-egypt-and-saudi-ties-to-counter-turkish-influence-in-mecca-pact%20title=,0.0,neutral
2026-08-16 14:00:00,"Iran, Pakistan",group_level,A new  NATO of the East ? Why the Mecca pact isnt quite what it seems,theconversation.com,Australia,English,https://theconversation.com/a-new-nato-of-the-east-why-the-mecca-pact-isnt-quite-what-it-seems-289371,0.0,neutral
2026-08-16 13:45:00,"Iran, Pakistan",group_level,Erdoğan says Egypt could join regional defense pact,hurriyetdailynews.com,Turkey,English,https://www.hurriyetdailynews.com/erdogan-says-egypt-could-join-regional-defense-pact-225698,0.4019,positive
2026-08-16 11:30:00,"Iran, Pakistan",group_level,Egypt Weighs the Makkah Joint Defence Agreement,riotimesonline.com,Brazil,English,https://www.riotimesonline.com/egypt-makkah-joint-defence-agreement-turkiye-2026/,0.5574,positive
2026-08-16 11:00:00,Pakistan,headline_match,Former UAE presidential aide post mocking Pakistan exposes unease over Mecca pact,middleeasteye.net,Israel,English,https://www.middleeasteye.net/news/emirati-academics-barbed-tweet-pakistan-exposes-uae-unease-over-mecca-pact,-0.7096,negative
2026-08-16 09:45:00,"Iran, Pakistan",group_level,Erdoğan Al Jazeeraya konuştu : AB üyeliği önceliğimiz değil,medyafaresi.com,Turkey,Turkish,https://www.medyafaresi.com/haber/erdogan-al-jazeeraya-konustu-ab-uyeligi-onceligimiz-degil/1046042,0.0,neutral
2026-08-16 07:15:00,Pakistan,headline_match,Erdogan says Egypt could join Turkiye - Saudi - Pakistan defence pact,arabnews.com,Saudi Arabia,English,https://www.arabnews.com/node/2654841/middle-east,0.3818,positive
2026-08-15 23:45:00,"Iran, Pakistan",group_level,New mystery in Tehran :  Mojtaba Khamenei met Pezeshkian  ,odnako.org,Russia,English,https://www.odnako.org/new-mystery-in-tehran-mojtaba-khamenei-met-pezeshkian/,0.0,neutral
2026-08-15 22:45:00,"Iran, Pakistan",group_level,"Mekke Anlaşması İsrail basınında : 1 , 4 milyon askerlik dev g",ensonhaber.com,Turkey,Turkish,https://www.ensonhaber.com/mekke-anlasmasi-israil-basininda-14-milyon-askerlik-dev-guc-h1557917,0.0,neutral
2026-08-15 22:00:00,"Iran, Pakistan",group_level,Mekke lüsnün cemaziyelevveli * - Fehim Taştekin,evrensel.net,Turkey,Turkish,https://www.evrensel.net/yazi/99827/mekke-uclusunun-cemaziyelevveli,0.0,neutral
2026-08-15 22:00:00,"Iran, Pakistan",group_level,Erdoğan : Trump  ın F - 35 sözünü tutmasını bekliyorum,bloomberght.com,Turkey,Turkish,https://www.bloomberght.com/erdogan-trump-in-f-35-sozunu-tutmasini-bekliyorum-3785642,0.0,neutral
2026-08-15 20:15:00,"Iran, Pakistan",headline_match,"Pakistan , Qatar keep Iran – US backchannel alive",pakistantoday.com.pk,Pakistan,English,https://www.pakistantoday.com.pk/2026/08/16/pakistan-qatar-keep-iran-us-backchannel-alive-as-tehran-weighs-talks,0.3818,positive
2026-08-15 19:15:00,Pakistan,headline_match,"Erdogan says Egypt could join Turkiye - Saudi - Pakistan defence pact - Dominican Republic Post – Caribbean News , Business , Travel & Culture",dominicanrepublicpost.com,United States,English,https://dominicanrepublicpost.com/erdogan-says-egypt-could-join-turkiye-saudi-pakistan-defence-pact/,0.3818,positive
2026-08-15 19:00:00,Pakistan,headline_match,Erdogan says Egypt could join Turkiye - Saudi - Pakistan defence pact - Grenada Chronicle – Daily Grenada And Caribbean News,grenadachronicle.com,United States,English,https://grenadachronicle.com/erdogan-says-egypt-could-join-turkiye-saudi-pakistan-defence-pact/,0.3818,positive
2026-08-15 17:30:00,Pakistan,headline_match,Erdogan says Egypt could join Turkiye - Saudi - Pakistan defence pact,aljazeera.com,United States,English,https://www.aljazeera.com/news/2026/8/15/erdogan-says-egypt-could-join-turkiye-saudi-pakistan-defence-pact,0.3818,positive
2026-08-15 17:15:00,"Iran, Pakistan",group_level,İsrail basınından  Mekke Anlaşması  analizi : Dengeleri değiştirebilir,f5haber.com,Turkey,Turkish,https://www.f5haber.com/dunya/israil-basinindan-mekke-anlasmasi-analizi-dengeleri-degistirebilir-6961526,0.0,neutral
2026-08-15 16:00:00,"Iran, Pakistan",group_level,Targeted News Service,targetednews.com,United States,English,https://targetednews.com/pr_disp.php?pr_id=9710535,0.0,neutral
2026-08-15 16:00:00,Pakistan,headline_match,Pakistan - Saudi - Türkiye Defence pact faces shaky start,organiser.org,India,English,https://organiser.org/2026/08/15/375209/world/pakistan-saudi-arabia-turkiye-defence-pact-a-shaky-beginning-and-growing-questions-over-its-strategic-credibility/,-0.128,negative
2026-08-15 16:00:00,"Iran, Pakistan",group_level,Targeted News Service,targetednews.com,United States,English,https://targetednews.com/pr_disp.php?pr_id=9710518,0.0,neutral
2026-08-15 14:00:00,"Iran, Pakistan",group_level,İsrailde  Mekke  depremi :  Her şeyi değiştirecek  ,yenisafak.com,Turkey,Turkish,https://www.yenisafak.com/dunya/israilde-mekke-depremi-her-seyi-degistirecek-4848331,0.0,neutral
2026-08-15 14:00:00,"Iran, Pakistan",group_level,Saudi Arabia balances Greek Patriot ties with Turkey defense deal,bankingnews.gr,Greece,English,https://www.bankingnews.gr/amyna-diplomatia/articles/893948/saudi-arabia-balances-greek-patriot-ties-with-turkey-defense-deal,0.128,positive
2026-08-15 13:15:00,"Iran, Pakistan",group_level,İsrail basınında Mekke anlaşması depremi : Küresel dengeleri değiştirecek devasa g,haber7.com,Turkey,Turkish,https://www.haber7.com/dunya/haber/3651509-israil-basininda-mekke-anlasmasi-depremi-kuresel-dengeleri-degistirecek-devasa-guc,0.0,neutral
2026-08-15 09:15:00,"Iran, Pakistan",group_level,İsrail basınından  Mekke Anlaşması  analizi : Dengeleri değiştirebilir,ensonhaber.com,Turkey,Turkish,https://www.ensonhaber.com/israil-basinindan-mekke-anlasmasi-analizi-dengeleri-degistirebilir-h1557755,0.0,neutral
2026-08-15 09:15:00,"Iran, Pakistan",group_level,"The Makkah Joint Defence Agreement , Gulf Dynamics , And The Horn Of Africa",thereporterethiopia.com,Ethiopia,English,https://www.thereporterethiopia.com/52268/,0.6908,positive
2026-08-15 03:30:00,"Iran, Pakistan",group_level,"Russian retribution , Islamic NATO , showdown in the West Bank , the German spy machine : RT stories that shaped the week",iraqsun.com,Iraq,English,http://www.iraqsun.com/news/279242483/russian-retribution-islamic-nato-showdown-in-the-west-bank-the-german-spy-machine-rt-stories-that-shaped-the-week,0.0,neutral
2026-08-15 01:00:00,"Iran, Pakistan",group_level,"Russian retribution , Islamic NATO , showdown in the West Bank , the German spy machine : RT stories that shaped the week",middleeaststar.com,Syria,English,http://www.middleeaststar.com/news/279242483/russian-retribution-islamic-nato-showdown-in-the-west-bank-the-german-spy-machine-rt-stories-that-shaped-the-week,0.0,neutral
2026-08-15 00:30:00,"Iran, Pakistan",group_level,"Russian retribution , Islamic NATO , showdown in the West Bank , the German spy machine : RT stories that shaped the week",heraldglobe.com,United States,English,http://www.heraldglobe.com/news/279242483/russian-retribution-islamic-nato-showdown-in-the-west-bank-the-german-spy-machine-rt-stories-that-shaped-the-week,0.0,neutral
2026-08-15 00:30:00,"Iran, Pakistan",group_level,"Russian retribution , Islamic NATO , showdown in the West Bank , the German spy machine : RT stories that shaped the week",europesun.com,Russia,English,http://www.europesun.com/news/279242483/russian-retribution-islamic-nato-showdown-in-the-west-bank-the-german-spy-machine-rt-stories-that-shaped-the-week,0.0,neutral
2026-08-15 00:15:00,"Iran, Pakistan",group_level,"Russian retribution , Islamic NATO , showdown in the West Bank , the German spy machine : RT stories that shaped the week",kenyastar.com,Kenya,English,http://www.kenyastar.com/news/279242483/russian-retribution-islamic-nato-showdown-in-the-west-bank-the-german-spy-machine-rt-stories-that-shaped-the-week,0.0,neutral
2026-08-15 00:00:00,"Iran, Pakistan",group_level,"Russian retribution , Islamic NATO , showdown in the West Bank , the German spy machine : RT stories that shaped the week",austinglobe.com,United States,English,http://www.austinglobe.com/news/279242483/russian-retribution-islamic-nato-showdown-in-the-west-bank-the-german-spy-machine-rt-stories-that-shaped-the-week,0.0,neutral
2026-08-15 00:00:00,"Iran, Pakistan",group_level,"Russian retribution , Islamic NATO , showdown in the West Bank , the German spy machine : RT stories that shaped the week",batonrougepost.com,United States,English,http://www.batonrougepost.com/news/279242483/russian-retribution-islamic-nato-showdown-in-the-west-bank-the-german-spy-machine-rt-stories-that-shaped-the-week,0.0,neutral
2026-08-15 00:00:00,"Iran, Pakistan",group_level,MEKKE PAKTI !.. | diyarbakirsoz . com,diyarbakirsoz.com,Turkey,Turkish,https://diyarbakirsoz.com/yazarlar/obuyuktimur/mekke-pakti-20344,0.0,neutral
2026-08-14 21:00:00,Pakistan,headline_match,Pakistan  Hinge Power  Role Grows as Diplomacy Expands,pakistantoday.com.pk,Pakistan,English,https://www.pakistantoday.com.pk/2026/08/14/pakistan-emerges-as-global-hinge-power-amid-shifting-geopolitical-order-report,0.1027,positive
2026-08-14 21:00:00,Pakistan,headline_match,Pakistan - Saudi - Türkiye Defence Pact Boosts Regional Peace,pakistantoday.com.pk,Pakistan,English,https://www.pakistantoday.com.pk/2026/08/15/pakistan-saudi-turkiye-pact-to-bolster-regional-peace-ummahs-security-president-pm,0.7351,positive
2026-08-14 21:00:00,"Iran, Pakistan",group_level,Mecca Joint Defence Agreement is a verdict on American reliability,scroll.in,India,English,https://scroll.in/article/1094984/saudi-defence-pact-with-turkey-and-pakistan-is-a-verdict-on-american-reliability,0.6369,positive
2026-08-14 17:15:00,Iran,headline_match,"Morale on US aircraft carrier enforcing Iran blockade plummets , as sailor jumps overboard : Report",middleeasteye.net,Israel,English,https://www.middleeasteye.net/news/morale-aboard-us-aircraft-carrier-enforcing-iran-blockade-plummets-sailor-jumping-overboard,0.0,neutral
2026-08-14 16:00:00,"Iran, Pakistan",group_level,"Ireland antisemitism is a joke , but the consequences are serious",jpost.com,Israel,English,http://www.jpost.com/opinion/article-905490,0.0387,neutral
2026-08-14 16:00:00,"Iran, Pakistan",group_level,Makkah pact is a step toward strategic self - reliance,arabnews.com,Saudi Arabia,English,https://www.arabnews.com/node/2654662,0.0,neutral
2026-08-14 15:30:00,Pakistan,headline_match,Pakistan armed forces defeated India in Marka - e - Haq : Tariq Fazal,radio.gov.pk,Pakistan,English,https://www.radio.gov.pk/14-08-2026/pakistans-armed-forces-defeated-india-in-marka-e-haq-tariq-fazal,-0.4767,negative
2026-08-14 15:30:00,"Iran, Pakistan",group_level,Mecca Joint Deterrence Agreement : Implications for India,thediplomat.com,China,English,https://thediplomat.com/2026/08/mecca-joint-deterrence-agreement-implications-for-india/,0.4939,positive
2026-08-14 15:15:00,"Iran, Pakistan",headline_match,"Mecca , Munir and missiles : Can Pakistan defend Saudi Arabia against Iran ? ",timesofindia.indiatimes.com,India,English,https://timesofindia.indiatimes.com/blogs/rai-of-hope/mecca-munir-and-missiles-can-pakistan-defend-saudi-arabia-against-iran/,0.0,neutral
2026-08-14 12:00:00,"Iran, Pakistan",group_level,"Dar discusses regional developments with US chargé daffaires , united kingdom high commissioner",tribune.com.pk,Pakistan,English,https://tribune.com.pk/story/2623853/dar-meets-us-charge-daffaires-discusses-bilateral-cooperation,0.4215,positive
2026-08-14 11:30:00,"Iran, Pakistan",group_level,Saudi Arabia blocks Egypt from joining new defence alliance,garoweonline.com,Somalia,English,https://www.garoweonline.com/en/news/world/saudi-arabia-blocks-egypt-from-joining-new-defence-alliance,-0.128,negative
2026-08-14 09:45:00,Pakistan,headline_match,"World leaders , friendly nations wish Pakistan peace , prosperity on Independence Day",geo.tv,Pakistan,English,https://www.geo.tv/latest/677586-world-leaders-friendly-nations-wish-pakistan-peace-prosperity-on-independence-day,0.8555,positive
2026-08-14 07:30:00,Iran,headline_match,"Without a U . S . Deal , Iran May Wind up a Mideast Outcast",theamericanconservative.com,United States,English,https://www.theamericanconservative.com/without-a-u-s-deal-iran-may-wind-up-a-mideast-outcast/,0.0,neutral
2026-08-14 07:15:00,"Iran, Pakistan",group_level,"Mecca Pact , India New Nightmare – Sri Lanka Guardian",slguardian.org,Sri Lanka,English,https://slguardian.org/mecca-pact-indias-new-nightmare/,0.0,neutral
2026-08-14 07:00:00,"Iran, Pakistan",group_level,Asim Munir to lead  Islamic Nato ? Turkey reveals  mechanism that may unlock big role for Pak army chief,moneycontrol.com,India,English,https://www.moneycontrol.com/world/asim-munir-to-lead-islamic-nato-turkey-reveals-mechanisms-that-may-unlock-big-role-for-pak-army-chief-article-14005353.html,0.0,neutral
2026-08-14 04:30:00,"Iran, Pakistan",group_level,Turkey lays out plans for Makkah pact,tribune.com.pk,Pakistan,English,https://tribune.com.pk/story/2623826/turkey-lays-out-plans-for-makkah-pact,0.0,neutral
2026-08-14 04:30:00,"Iran, Pakistan",group_level,Every drop of water is our red line : PM,tribune.com.pk,Pakistan,English,https://tribune.com.pk/story/2623827/every-drop-of-water-is-our-red-line-pm,-0.2732,negative
2026-08-14 03:30:00,Pakistan,headline_match,"Türkiye , Suudi Arabistan ve Pakistandan  Mekke Paktı : Bölgesel Güvenlikte Yeni Dönem mi ? ",haberler.com,Turkey,Turkish,https://www.haberler.com/dunya/turkiye-nin-imzaladigi-mekke-paktinin-kuresel-20143650-haberi/,0.0,neutral
2026-08-13 23:00:00,"Iran, Pakistan",group_level,How the Mecca Agreement aims to manage US separation from Middle East,chinatechnews.com,China,English,https://www.chinatechnews.com/2026/08/14/127304-how-the-mecca-agreement-aims-to-manage-us-separation-from-middle-east,0.4939,positive
2026-08-13 22:30:00,"Iran, Pakistan",group_level,Opinion | What the Mecca military pact means for China,scmp.com,China,English,https://www.scmp.com/opinion/world-opinion/article/3363663/what-mecca-military-pact-means-china,0.0,neutral
2026-08-13 21:45:00,"Iran, Pakistan",group_level,Israel Clashes With West Bank Settlers,foreignpolicy.com,United States,English,https://foreignpolicy.com/2026/08/13/west-bank-israel-settlers-idf-mecca-pact-turkey-russia-japan-kuril-islands-congo-ebola/,0.0,neutral
2026-08-13 19:15:00,"Iran, Pakistan",group_level,The Shift : One of Congress most pro - Israel members is facing strong opposition from an anti - Zionist in Florida – Mondoweiss,mondoweiss.net,Israel,English,https://mondoweiss.net/2026/08/the-shift-one-of-congresss-most-pro-israel-members-is-facing-strong-opposition-from-an-anti-zionist-in-florida/,0.25,positive
2026-08-13 18:45:00,Pakistan,headline_match,Three ways China benefits from Saudi - Turkey - Pakistan pact : What to know,al-monitor.com,Israel,English,https://www.al-monitor.com/originals/2026/08/three-ways-china-benefits-saudi-turkey-pakistan-pact-what-know,0.3818,positive
2026-08-13 18:30:00,"Iran, Pakistan",group_level,The Mecca Pact is the latest sign of the U . S . declining influence in the Middle East – Mondoweiss,mondoweiss.net,Israel,English,https://mondoweiss.net/2026/08/the-mecca-pact-is-the-latest-sign-of-the-u-s-s-declining-influence-in-the-middle-east/,0.0,neutral
2026-08-13 18:30:00,"Iran, Pakistan",group_level,  India indispensable to Indo - Pacific strategic balance : Ex - Australian PM Scott Morrison,news.webindia123.com,India,English,https://news.webindia123.com/news/Articles/World/20260813/4486814.html,0.0,neutral
2026-08-13 17:30:00,Pakistan,headline_match,"Pakistan , Norway call for peaceful resolution of global conflicts , independent Palestinian state",middleeastmonitor.com,Israel,English,https://www.middleeastmonitor.com/20260813-pakistan-norway-call-for-peaceful-resolution-of-global-conflicts-independent-palestinian-state/,0.1531,positive
2026-08-13 17:15:00,"Iran, Pakistan",group_level,Mecca Defense Pact Signals New Muslim Military Alliance Beyond U . S . And Israel,worthynews.com,Israel,English,https://www.worthynews.com/116694-mecca-defense-pact-signals-new-muslim-military-alliance-beyond-u-s-and-israel,0.128,positive
2026-08-13 17:00:00,Pakistan,headline_match,"Turkey Says Saudi , Pakistan Defense Deal Includes A . I and Autonomous System Tech",breitbart.com,United States,English,https://www.breitbart.com/middle-east/2026/08/13/turkey-says-saudi-pakistan-defense-deal-includes-a-i-and-autonomous-system-tech/,0.128,positive
2026-08-13 15:15:00,"Iran, Pakistan",group_level,Tehran Has to Make a Choice,theatlantic.com,United States,English,https://www.theatlantic.com/international/2026/08/iran-muslim-countries-defense-pact/688265/,0.0,neutral
2026-08-13 10:45:00,Pakistan,headline_match,Saudi - Turkey - Pakistan Mecca pact  far from  Nato - style defence alliance,scmp.com,China,English,https://www.scmp.com/news/china/diplomacy/article/3363871/saudi-turkey-pakistan-mecca-pact-falls-short-nato-style-defence-alliance,0.1027,positive
2026-08-13 07:15:00,Pakistan,headline_match,  Will have to see how Pakistan misuses it : Former diplomat flags India security concerns over Saudi - Pak - Turkiye pact,southeastasiapost.com,Pakistan,English,http://www.southeastasiapost.com/news/279237891/will-have-to-see-how-pakistan-misuses-it-former-diplomat-flags-india-security-concerns-over-saudi-pak-turkiye-pact,0.34,positive
2026-08-13 06:45:00,Pakistan,headline_match,  Will have to see how Pakistan misuses it : Former diplomat flags India security concerns over Saudi - Pak - Turkiye pact,russiaherald.com,Russia,English,http://www.russiaherald.com/news/279237891/will-have-to-see-how-pakistan-misuses-it-former-diplomat-flags-india-security-concerns-over-saudi-pak-turkiye-pact,0.34,positive
2026-08-13 06:30:00,Pakistan,headline_match,  Will have to see how Pakistan misuses it : Former diplomat flags India security concerns over Saudi - Pak - Turkiye pact,kenyastar.com,Kenya,English,http://www.kenyastar.com/news/279237891/will-have-to-see-how-pakistan-misuses-it-former-diplomat-flags-india-security-concerns-over-saudi-pak-turkiye-pact,0.34,positive
2026-08-13 06:15:00,Pakistan,headline_match,  Will have to see how Pakistan misuses it : Former diplomat flags India security concerns over Saudi - Pak - Turkiye pact,israelherald.com,Israel,English,http://www.israelherald.com/news/279237891/will-have-to-see-how-pakistan-misuses-it-former-diplomat-flags-india-security-concerns-over-saudi-pak-turkiye-pact,0.34,positive
2026-08-13 06:15:00,Pakistan,headline_match,  Will have to see how Pakistan misuses it : Former diplomat flags India security concerns over Saudi - Pak - Turkiye pact,batonrougepost.com,United States,English,http://www.batonrougepost.com/news/279237891/will-have-to-see-how-pakistan-misuses-it-former-diplomat-flags-india-security-concerns-over-saudi-pak-turkiye-pact,0.34,positive
2026-08-13 06:00:00,"Iran, Pakistan",group_level,The Mecca Pact : The Unfinished Asabiyyah of a World in Search of Power,countercurrents.org,India,English,https://countercurrents.org/2026/08/the-mecca-pact-the-unfinished-asabiyyah-of-a-world-in-search-of-power/,0.0,neutral
2026-08-13 05:45:00,Pakistan,headline_match,  Will have to see how Pakistan misuses it : Former diplomat flags India security concerns over Saudi - Pak - Turkiye pact,middleeaststar.com,Syria,English,http://www.middleeaststar.com/news/279237891/will-have-to-see-how-pakistan-misuses-it-former-diplomat-flags-india-security-concerns-over-saudi-pak-turkiye-pact,0.34,positive
2026-08-13 05:45:00,"Iran, Pakistan",group_level,Mekke kalkanı - BERCAN TUTAR,sabah.com.tr,Turkey,Turkish,https://www.sabah.com.tr/yazarlar/bercan-tutar/2026/08/13/mekke-kalkani,0.0,neutral
2026-08-13 05:30:00,Pakistan,headline_match,  Will have to see how Pakistan misuses it : Former diplomat flags India security concerns over Saudi - Pak - Turkiye pact,asiabulletin.com,China,English,http://www.asiabulletin.com/news/279237891/will-have-to-see-how-pakistan-misuses-it-former-diplomat-flags-india-security-concerns-over-saudi-pak-turkiye-pact,0.34,positive
2026-08-13 05:00:00,Pakistan,headline_match,The real secret of the Makkah Defence Pact - Pakistan Observer,pakobserver.net,Pakistan,English,https://pakobserver.net/the-real-secret-of-the-makkah-defence-pact/,0.1027,positive
2026-08-13 05:00:00,Pakistan,headline_match,  Will have to see how Pakistan misuses it : Former diplomat flags India security concerns over Saudi - Pak - Turkiye pact,austinglobe.com,United States,English,http://www.austinglobe.com/news/279237891/will-have-to-see-how-pakistan-misuses-it-former-diplomat-flags-india-security-concerns-over-saudi-pak-turkiye-pact,0.34,positive
2026-08-13 04:15:00,Pakistan,headline_match,  Will have to see how Pakistan misuses it : Former diplomat flags India security concerns over Saudi - Pak - Turkiye pact,iraqsun.com,Iraq,English,http://www.iraqsun.com/news/279237891/will-have-to-see-how-pakistan-misuses-it-former-diplomat-flags-india-security-concerns-over-saudi-pak-turkiye-pact,0.34,positive
2026-08-13 03:45:00,Pakistan,headline_match,  Will have to see how Pakistan misuses it : Former diplomat flags India security concerns over Saudi - Pak - Turkiye pact,laosnews.net,United States,English,http://www.laosnews.net/news/279237891/will-have-to-see-how-pakistan-misuses-it-former-diplomat-flags-india-security-concerns-over-saudi-pak-turkiye-pact,0.34,positive
2026-08-13 03:30:00,Pakistan,headline_match,  Will have to see how Pakistan misuses it : Former diplomat flags India security concerns over Saudi - Pak - Turkiye pact,pakistantelegraph.com,Pakistan,English,http://www.pakistantelegraph.com/news/279237891/will-have-to-see-how-pakistan-misuses-it-former-diplomat-flags-india-security-concerns-over-saudi-pak-turkiye-pact,0.34,positive
2026-08-13 03:30:00,Pakistan,headline_match,  Will have to see how Pakistan misuses it : Former diplomat flags India security concerns over Saudi - Pak - Turkiye pact,vietnamtribune.com,Vietnam,English,http://www.vietnamtribune.com/news/279237891/will-have-to-see-how-pakistan-misuses-it-former-diplomat-flags-india-security-concerns-over-saudi-pak-turkiye-pact,0.34,positive
2026-08-13 03:30:00,Pakistan,headline_match,  Will have to see how Pakistan misuses it : Former diplomat flags India security concerns over Saudi - Pak - Turkiye pact,cambodiantimes.com,Cambodia,English,http://www.cambodiantimes.com/news/279237891/will-have-to-see-how-pakistan-misuses-it-former-diplomat-flags-india-security-concerns-over-saudi-pak-turkiye-pact,0.34,positive
2026-08-13 03:15:00,Pakistan,headline_match,  Will have to see how Pakistan misuses it : Former diplomat flags India security concerns over Saudi - Pak - Turkiye pact,myanmarnews.net,Myanmar,English,http://www.myanmarnews.net/news/279237891/will-have-to-see-how-pakistan-misuses-it-former-diplomat-flags-india-security-concerns-over-saudi-pak-turkiye-pact,0.34,positive
2026-08-13 03:15:00,"Iran, Pakistan",group_level,Mecca Pact : What does a new West Asian Security Order means for Nepal ? ,peoplesreview.com.np,Nepal,English,https://peoplesreview.com.np/2026/08/13/mecca-pact-what-does-a-new-west-asian-security-order-means-for-nepal/,0.34,positive
2026-08-13 03:00:00,Pakistan,headline_match,  Will have to see how Pakistan misuses it : Former diplomat flags India security concerns over Saudi - Pak - Turkiye pact,indiagazette.com,India,English,http://www.indiagazette.com/news/279237891/will-have-to-see-how-pakistan-misuses-it-former-diplomat-flags-india-security-concerns-over-saudi-pak-turkiye-pact,0.34,positive
2026-08-13 03:00:00,Pakistan,headline_match,  Will have to see how Pakistan misuses it : Former diplomat flags India security concerns over Saudi - Pak - Turkiye pact,iranherald.com,Iran,English,http://www.iranherald.com/news/279237891/will-have-to-see-how-pakistan-misuses-it-former-diplomat-flags-india-security-concerns-over-saudi-pak-turkiye-pact,0.34,positive
2026-08-13 03:00:00,Pakistan,headline_match,  Will have to see how Pakistan misuses it : Former diplomat flags India security concerns over Saudi - Pak - Turkiye pact,bignewsnetwork.com,United States,English,http://www.bignewsnetwork.com/news/279237891/will-have-to-see-how-pakistan-misuses-it-former-diplomat-flags-india-security-concerns-over-saudi-pak-turkiye-pact,0.34,positive
2026-08-13 03:00:00,Pakistan,headline_match,  Will have to see how Pakistan misuses it : Former diplomat flags India security concerns over Saudi - Pak - Turkiye pact,europesun.com,Russia,English,http://www.europesun.com/news/279237891/will-have-to-see-how-pakistan-misuses-it-former-diplomat-flags-india-security-concerns-over-saudi-pak-turkiye-pact,0.34,positive
2026-08-13 03:00:00,Pakistan,headline_match,  Will have to see how Pakistan misuses it : Former diplomat flags India security concerns over Saudi - Pak - Turkiye pact,greekherald.com,Greece,English,http://www.greekherald.com/news/279237891/will-have-to-see-how-pakistan-misuses-it-former-diplomat-flags-india-security-concerns-over-saudi-pak-turkiye-pact,0.34,positive
2026-08-13 02:45:00,Pakistan,headline_match,  Will have to see how Pakistan misuses it : Former diplomat flags India security concerns over Saudi - Pak - Turkiye pact,heraldglobe.com,United States,English,http://www.heraldglobe.com/news/279237891/will-have-to-see-how-pakistan-misuses-it-former-diplomat-flags-india-security-concerns-over-saudi-pak-turkiye-pact,0.34,positive
2026-08-13 02:45:00,Pakistan,headline_match,  Will have to see how Pakistan misuses it : Former diplomat flags India security concerns over Saudi - Pak - Turkiye pact,calcuttanews.net,India,English,http://www.calcuttanews.net/news/279237891/will-have-to-see-how-pakistan-misuses-it-former-diplomat-flags-india-security-concerns-over-saudi-pak-turkiye-pact,0.34,positive
2026-08-13 02:45:00,Pakistan,headline_match,  Will have to see how Pakistan misuses it : Former diplomat flags India security concerns over Saudi - Pak - Turkiye pact,nepalnational.com,Nepal,English,http://www.nepalnational.com/news/279237891/will-have-to-see-how-pakistan-misuses-it-former-diplomat-flags-india-security-concerns-over-saudi-pak-turkiye-pact,0.34,positive
2026-08-12 21:15:00,"Iran, Pakistan",group_level,Mecca Defence Pact : What It Means for India and Regional Security,dailypioneer.com,India,English,https://dailypioneer.com/news/what-the-mecca-defence-pact-really-means,0.4215,positive
2026-08-12 21:15:00,Pakistan,headline_match,Saudi - Pakistan - Türkiye Defence Pact : What It Means for India,dailypioneer.com,India,English,https://dailypioneer.com/news/a-fitting-response-to-mecca-pact,0.1027,positive
2026-08-12 20:15:00,Turkiye,unknown,Mengapa Israel Sangat Takut dengan Pakta Pertahanan Mekkah ? ,international.sindonews.com,Indonesia,Indonesian,https://international.sindonews.com/read/1738301/43/mengapa-israel-sangat-takut-dengan-pakta-pertahanan-mekkah-1786529337,0.0,neutral
2026-08-12 17:45:00,Iran,headline_match,The Regional Order Iran Wanted Is Taking Shape Without It,foreignpolicy.com,United States,English,https://foreignpolicy.com/2026/08/11/mecca-turkey-saudi-arabia-pakistan-iran-gulf-hormuz-nato/?tpcc=recirc_trending062921,0.0,neutral
2026-08-12 17:00:00,"Iran, Pakistan",group_level,"Mekke Anlaşması , Sünni bir NATO değildir",haksozhaber.net,Turkey,Turkish,https://www.haksozhaber.net/mekke-anlasmasi-sunni-bir-nato-degildir-ortadogu-kendine-ozgu-bir-guvenlik-duzenini-258417h.htm,0.0,neutral
2026-08-12 16:15:00,"Iran, Pakistan",group_level,Another Blow against Pax Americana,fpif.org,United States,English,https://fpif.org/another-blow-against-pax-americana/,0.0,neutral
2026-08-12 12:30:00,"Iran, Pakistan",group_level,Mısır neden Mekke paktında neden yok ? ,haberler.com,Turkey,Turkish,https://www.haberler.com/dunya/misir-neden-mekke-paktinda-neden-yok-20138938-haberi/,0.0,neutral
2026-08-12 10:15:00,"Iran, Pakistan",group_level,"Naqvi in Tehran to promote  peace , stability and constructive engagement : FO",tribune.com.pk,Pakistan,English,https://tribune.com.pk/story/2623454/naqvi-in-tehran-to-promote-peace-stability-and-constructive-engagement-fo,0.8442,positive
2026-08-12 10:00:00,Pakistan,headline_match,Three Pakistanis killed in Houthi attack on commercial ship in Red Sea,geo.tv,Pakistan,English,https://www.geo.tv/latest/677255-three-pakistani-nationals-die-in-houthi-attack-on-commercial-ship-in-red-sea,-0.8225,negative
2026-08-12 04:00:00,"Iran, Pakistan",group_level,"Mekke Anlaşması , Bir anlaşmadan daha fazlası",timeturk.com,Turkey,Turkish,https://www.timeturk.com/mekke-anlasmasi-bir-anlasmadan-daha-fazlasi,0.0,neutral
2026-08-12 03:45:00,"Iran, Pakistan",group_level,Turkey Says Egypt May Join Mecca Defense Alliance,africa.com,South Africa,English,https://www.africa.com/top-10-news/turkey-says-egypt-may-join-mecca-defense-alliance,0.4019,positive
2026-08-12 03:30:00,"Iran, Pakistan",group_level,A new Middle East is being built - The HinduBusinessLine,thehindubusinessline.com,India,English,https://www.thehindubusinessline.com/opinion/a-new-middle-east-is-being-built/article71333285.ece,0.0,neutral
2026-08-12 02:45:00,Pakistan,headline_match,  Examining implications : India on Pakistan - Saudi - Turkey defence pact,southeastasiapost.com,Pakistan,English,http://www.southeastasiapost.com/news/279234772/examining-implications-india-on-pakistan-saudi-turkey-defence-pact,0.1027,positive
2026-08-12 02:45:00,Pakistan,headline_match,  Examining implication : India reacts to Pakistan - Saudi - Turkey defence pact,southeastasiapost.com,Pakistan,English,http://www.southeastasiapost.com/news/279234736/examining-implications-india-reacts-to-pakistan-saudi-turkey-defence-pact,0.1027,positive
2026-08-11 23:30:00,"Iran, Pakistan",group_level,Assessing implications of Mecca defence pact : India,timesofindia.indiatimes.com,India,English,https://timesofindia.indiatimes.com/india/assessing-implications-of-mecca-defence-pact-india/articleshow/133167124.cms,0.1027,positive
2026-08-11 22:45:00,Pakistan,headline_match,  Examining implication : India reacts to Pakistan - Saudi - Turkey defence pact,indiagazette.com,India,English,http://www.indiagazette.com/news/279234736/examining-implications-india-reacts-to-pakistan-saudi-turkey-defence-pact,0.1027,positive
2026-08-11 22:45:00,Pakistan,headline_match,  Examining implications : India on Pakistan - Saudi - Turkey defence pact,indiagazette.com,India,English,http://www.indiagazette.com/news/279234772/examining-implications-india-on-pakistan-saudi-turkey-defence-pact,0.1027,positive
2026-08-11 22:45:00,Pakistan,headline_match,  Examining implications : India on Pakistan - Saudi - Turkey defence pact,greekherald.com,Greece,English,http://www.greekherald.com/news/279234772/examining-implications-india-on-pakistan-saudi-turkey-defence-pact,0.1027,positive
2026-08-11 21:00:00,Pakistan,headline_match,  Examining implications : India on Pakistan - Saudi - Turkey defence pact,russiaherald.com,Russia,English,http://www.russiaherald.com/news/279234772/examining-implications-india-on-pakistan-saudi-turkey-defence-pact,0.1027,positive
2026-08-11 21:00:00,Pakistan,headline_match,  Examining implications : India on Pakistan - Saudi - Turkey defence pact,calcuttanews.net,India,English,http://www.calcuttanews.net/news/279234772/examining-implications-india-on-pakistan-saudi-turkey-defence-pact,0.1027,positive
2026-08-11 21:00:00,Pakistan,headline_match,  Examining implication : India reacts to Pakistan - Saudi - Turkey defence pact,russiaherald.com,Russia,English,http://www.russiaherald.com/news/279234736/examining-implications-india-reacts-to-pakistan-saudi-turkey-defence-pact,0.1027,positive
2026-08-11 20:30:00,Pakistan,headline_match,  Examining implications : India on Pakistan - Saudi - Turkey defence pact,arabherald.com,Syria,English,http://www.arabherald.com/news/279234772/examining-implications-india-on-pakistan-saudi-turkey-defence-pact,0.1027,positive
2026-08-11 20:30:00,Pakistan,headline_match,  Examining implication : India reacts to Pakistan - Saudi - Turkey defence pact,heraldglobe.com,United States,English,http://www.heraldglobe.com/news/279234736/examining-implications-india-reacts-to-pakistan-saudi-turkey-defence-pact,0.1027,positive
2026-08-11 20:30:00,Pakistan,headline_match,  Examining implications : India on Pakistan - Saudi - Turkey defence pact,heraldglobe.com,United States,English,http://www.heraldglobe.com/news/279234772/examining-implications-india-on-pakistan-saudi-turkey-defence-pact,0.1027,positive
2026-08-11 20:30:00,Pakistan,headline_match,  Examining implication : India reacts to Pakistan - Saudi - Turkey defence pact,arabherald.com,Syria,English,http://www.arabherald.com/news/279234736/examining-implications-india-reacts-to-pakistan-saudi-turkey-defence-pact,0.1027,positive
2026-08-11 19:30:00,"Iran, Pakistan",group_level,The Mecca Pact and America Reduced Leverage in West Asia – The Diplomat,thediplomat.com,China,English,https://thediplomat.com/2026/08/the-mecca-pact-and-americas-reduced-leverage-in-west-asia/,0.0,neutral
2026-08-11 19:30:00,Iran,headline_match,The Regional Order Iran Wanted Is Taking Shape Without It,foreignpolicy.com,United States,English,https://foreignpolicy.com/2026/08/11/mecca-turkey-saudi-arabia-pakistan-iran-gulf-hormuz-nato/,0.0,neutral
2026-08-11 19:15:00,Pakistan,headline_match,  Examining implication : India reacts to Pakistan - Saudi - Turkey defence pact,calcuttanews.net,India,English,http://www.calcuttanews.net/news/279234736/examining-implications-india-reacts-to-pakistan-saudi-turkey-defence-pact,0.1027,positive
2026-08-11 19:15:00,Pakistan,headline_match,  Examining implication : India reacts to Pakistan - Saudi - Turkey defence pact,asiabulletin.com,China,English,http://www.asiabulletin.com/news/279234736/examining-implications-india-reacts-to-pakistan-saudi-turkey-defence-pact,0.1027,positive
2026-08-11 19:15:00,Pakistan,headline_match,  Examining implications : India on Pakistan - Saudi - Turkey defence pact,bignewsnetwork.com,United States,English,http://www.bignewsnetwork.com/news/279234772/examining-implications-india-on-pakistan-saudi-turkey-defence-pact,0.1027,positive
2026-08-11 18:30:00,Pakistan,headline_match,"Turkiye , Saudi Arabia , Pakistan Mecca Pact : What it means for India",economictimes.indiatimes.com,India,English,https://economictimes.indiatimes.com/opinion/et-editorial/turkiye-saudi-arabia-pakistans-mecca-pact-what-it-means-for-india/articleshow/133162829.cms,0.0,neutral
2026-08-11 18:15:00,"Iran, Pakistan",group_level,Foreign policy expert breaks down Indias options on Mecca pact,iraqsun.com,Iraq,English,http://www.iraqsun.com/news/279234399/foreign-policy-expert-breaks-down-indias-options-on-mecca-pact,0.0,neutral
2026-08-11 16:30:00,"Iran, Pakistan",group_level,Foreign policy expert breaks down Indias options on Mecca pact,batonrougepost.com,United States,English,http://www.batonrougepost.com/news/279234399/foreign-policy-expert-breaks-down-indias-options-on-mecca-pact,0.0,neutral
2026-08-11 16:00:00,"Iran, Pakistan",group_level,Foreign policy expert breaks down Indias options on Mecca pact,arabherald.com,Syria,English,http://www.arabherald.com/news/279234399/foreign-policy-expert-breaks-down-indias-options-on-mecca-pact,0.0,neutral
2026-08-11 15:45:00,"Iran, Pakistan",group_level,Foreign policy expert breaks down Indias options on Mecca pact,nepalnational.com,Nepal,English,http://www.nepalnational.com/news/279234399/foreign-policy-expert-breaks-down-indias-options-on-mecca-pact,0.0,neutral
2026-08-11 14:45:00,Pakistan,headline_match,  Examining implications : India on Pakistan - Saudi - Turkey defence pact,news.webindia123.com,India,English,https://news.webindia123.com/news/Articles/World/20260811/4485853.html,0.1027,positive
2026-08-11 14:00:00,"Iran, Pakistan",group_level,Is the Mecca Agreement Israel worst nightmare come true ? ,middleeasteye.net,Israel,English,https://www.middleeasteye.net/opinion/is-mecca-agreement-israel-worst-nightmare-come-true,0.2263,positive
2026-08-11 13:45:00,Pakistan,headline_match,  Examining implications : India on Pakistan - Saudi - Turkey defence pact,aninews.in,India,English,https://aninews.in/news/world/asia/examining-implications-india-reacts-to-pakistan-saudi-turkey-defence-pact20260811183017/,0.1027,positive
2026-08-11 08:15:00,"Iran, Pakistan",group_level,Bahrain FM congratulates Dar on Makkah defence pact,tribune.com.pk,Pakistan,English,https://tribune.com.pk/story/2623271/bahrain-fm-congratulates-dar-on-makkah-defence-pact,0.1027,positive
2026-08-11 05:30:00,"Iran, Pakistan",group_level,Trkiye has its own plans for Islamic NATO,europesun.com,Russia,English,http://www.europesun.com/news/279233572/trkiye-has-its-own-plans-for-islamic-nato,0.0,neutral
2026-08-11 05:15:00,Iran,headline_match,Iran downplays concerns over Makkah pact,tribune.com.pk,Pakistan,English,https://tribune.com.pk/story/2623194/iran-downplays-concerns-over-makkah-pact,0.0,neutral
2026-08-11 04:45:00,Pakistan,headline_match,"Pakistani Analyst Calls Mecca Defence Pact a  Fraud  to Legitimize Asim Munir , Questions Whether Allies Would Actually Fight for Each Other",idrw.org,India,English,https://idrw.org/pakistani-analyst-calls-mecca-defence-pact-a-fraud-to-legitimize-asim-munir-questions-whether-allies-would-actually-fight-for-each-other/,-0.7184,negative
2026-08-11 03:30:00,"Iran, Pakistan",group_level,Trkiye has its own plans for Islamic NATO,iraqsun.com,Iraq,English,http://www.iraqsun.com/news/279233572/trkiye-has-its-own-plans-for-islamic-nato,0.0,neutral
2026-08-11 03:30:00,"Iran, Pakistan",group_level,Trkiye has its own plans for Islamic NATO,pakistantelegraph.com,Pakistan,English,http://www.pakistantelegraph.com/news/279233572/trkiye-has-its-own-plans-for-islamic-nato,0.0,neutral
2026-08-11 03:00:00,"Iran, Pakistan",group_level,Trkiye has its own plans for Islamic NATO,iranherald.com,Iran,English,http://www.iranherald.com/news/279233572/trkiye-has-its-own-plans-for-islamic-nato,0.0,neutral
2026-08-11 02:45:00,"Iran, Pakistan",group_level,Trkiye has its own plans for Islamic NATO,southeastasiapost.com,Pakistan,English,http://www.southeastasiapost.com/news/279233572/trkiye-has-its-own-plans-for-islamic-nato,0.0,neutral
2026-08-11 02:15:00,"Iran, Pakistan",group_level,Trkiye has its own plans for Islamic NATO,israelherald.com,Israel,English,http://www.israelherald.com/news/279233572/trkiye-has-its-own-plans-for-islamic-nato,0.0,neutral
2026-08-11 02:15:00,Iran,headline_match,"The new  Sunni NATO  can expand : Egypt towards the entrance , Israel and Iran observe",irishdentist.ie,Ireland,English,https://www.irishdentist.ie/the-new-sunni-nato-can-expand-egypt-towards-the-entrance-israel-and-iran-observe/20886/,0.3182,positive
2026-08-11 02:00:00,Iran,headline_match,West Asia war LIVE : Trump says will demand conflict compensation from Iran,thehindu.com,India,English,https://www.thehindu.com/news/international/iran-us-war-live-updates-august-11-2026-hormuz-strait-reopen-us-iran-talks/article71330825.ece,-0.7717,negative
2026-08-11 01:45:00,Pakistan,headline_match,"Pakistan - Saudi - Turkiye defence pact  entirely for defensive purpose , not aggression : PM Shehbaz – Asia News Network",asianews.network,China,English,https://asianews.network/pakistan-saudi-turkiye-defence-pact-entirely-for-defensive-purposes-not-aggression-pm-shehbaz/,0.3952,positive
2026-08-11 01:45:00,"Iran, Pakistan",group_level,Trkiye has its own plans for Islamic NATO,arabherald.com,Syria,English,http://www.arabherald.com/news/279233572/trkiye-has-its-own-plans-for-islamic-nato,0.0,neutral
2026-08-11 01:00:00,"Iran, Pakistan",group_level,Trkiye has its own plans for Islamic NATO,middleeaststar.com,Syria,English,http://www.middleeaststar.com/news/279233572/trkiye-has-its-own-plans-for-islamic-nato,0.0,neutral
2026-08-11 00:15:00,"Iran, Pakistan",group_level,When Mecca Comes to Asim : Munir is seeking to build a military supply arc from Turkiye to China,chinatechnews.com,China,English,https://www.chinatechnews.com/2026/08/11/127035-when-mecca-comes-to-asim-munir-is-seeking-to-build-a-military-supply-arc-from-turkiye-to-china,0.0,neutral
2026-08-10 23:30:00,"Iran, Pakistan",group_level,Islamic NATO is a Turkish power play,vietnamtribune.com,Vietnam,English,http://www.vietnamtribune.com/news/279231839/islamic-nato-is-a-turkish-power-play,0.34,positive
2026-08-10 22:30:00,"Iran, Pakistan",group_level,Islamic NATO is a Turkish power play,pakistantelegraph.com,Pakistan,English,http://www.pakistantelegraph.com/news/279231839/islamic-nato-is-a-turkish-power-play,0.34,positive
2026-08-10 22:15:00,"Iran, Pakistan",group_level,Islamic NATO is a Turkish power play,myanmarnews.net,Myanmar,English,http://www.myanmarnews.net/news/279231839/islamic-nato-is-a-turkish-power-play,0.34,positive
2026-08-10 22:00:00,"Iran, Pakistan",group_level,Islamic NATO is a Turkish power play,iranherald.com,Iran,English,http://www.iranherald.com/news/279231839/islamic-nato-is-a-turkish-power-play,0.34,positive
2026-08-10 21:30:00,"Iran, Pakistan",group_level,Islamic NATO is a Turkish power play,arabherald.com,Syria,English,http://www.arabherald.com/news/279231839/islamic-nato-is-a-turkish-power-play,0.34,positive
2026-08-10 21:30:00,"Iran, Pakistan",group_level,Islamic NATO is a Turkish power play,malaysiasun.com,Malaysia,English,http://www.malaysiasun.com/news/279231839/islamic-nato-is-a-turkish-power-play,0.34,positive
2026-08-10 21:15:00,"Iran, Pakistan",group_level,Islamic NATO is a Turkish power play,batonrougepost.com,United States,English,http://www.batonrougepost.com/news/279231839/islamic-nato-is-a-turkish-power-play,0.34,positive
2026-08-10 20:45:00,"Iran, Pakistan",group_level,Islamic NATO is a Turkish power play,laosnews.net,United States,English,http://www.laosnews.net/news/279231839/islamic-nato-is-a-turkish-power-play,0.34,positive
2026-08-10 20:45:00,"Iran, Pakistan",group_level,Islamic NATO is a Turkish power play,nepalnational.com,Nepal,English,http://www.nepalnational.com/news/279231839/islamic-nato-is-a-turkish-power-play,0.34,positive
2026-08-10 20:45:00,"Iran, Pakistan",group_level,Islamic NATO is a Turkish power play,russiaherald.com,Russia,English,http://www.russiaherald.com/news/279231839/islamic-nato-is-a-turkish-power-play,0.34,positive
2026-08-10 20:00:00,"Iran, Pakistan",group_level,Islamic NATO is a Turkish power play,heraldglobe.com,United States,English,http://www.heraldglobe.com/news/279231839/islamic-nato-is-a-turkish-power-play,0.34,positive
2026-08-10 19:30:00,Pakistan,headline_match,China - India - Pakistan Triangle Gains a New Strategic Dimension,slguardian.org,Sri Lanka,English,https://slguardian.org/china-india-pakistan-triangle-gains-a-new-strategic-dimension/,0.34,positive
2026-08-10 19:15:00,Pakistan,headline_match,The Mecca Pact Extends Pakistan Security Role Westward – The Diplomat,thediplomat.com,China,English,https://thediplomat.com/2026/08/the-mecca-pact-extends-pakistans-security-role-westward/,0.4404,positive
2026-08-10 19:15:00,"Iran, Pakistan",headline_match,"Why Pakistan explained Makkah Defence Pact with Saudi , Turkiye to Iran ? ",en.dailypakistan.com.pk,Pakistan,English,https://en.dailypakistan.com.pk/10-Aug-2026/why-pakistan-explained-makkah-defence-pact-with-saudi-turkiye-to-iran,0.1027,positive
2026-08-10 16:45:00,Pakistan,headline_match,Pacte de La Mecque : le Pakistan est devenu un acteur central paradoxal au Moyen - Orient,nouvelobs.com,France,French,https://www.nouvelobs.com/monde/20260810.OBS117323/pacte-de-la-mecque-le-pakistan-est-devenu-un-acteur-central-paradoxal-au-moyen-orient.html,0.0,neutral
2026-08-10 16:30:00,Pakistan,headline_match,Pakistan aims to turn Mecca defence pact into united front against Israel and India : Report,ianslive.in,India,English,https://ianslive.in/pakistan-aims-to-turn-mecca-defence-pact-into-united-front-against-israel-and-india-report--20260810201405,0.4939,positive
2026-08-10 15:30:00,Iran,headline_match,"La nuova  Nato sunnita  può allargarsi : lEgitto verso lingresso , Israele e Iran osservano",panorama.it,Italy,Italian,https://www.panorama.it/attualita/esteri/la-nuova-nato-sunnita-puo-allargarsi-legitto-verso-lingresso-israele-e-iran-osservano,0.0,neutral
2026-08-10 15:00:00,Iran,headline_match,La nuova Nato sunnita può allargarsi | lEgitto verso lingresso Israele e Iran osservano,zazoom.it,Italy,Italian,https://www.zazoom.it/2026-08-10/la-nuova-nato-sunnita-puo-allargarsi-legitto-verso-lingresso-israele-e-iran-osservano/19555570/,0.0,neutral
2026-08-10 14:30:00,Pakistan,headline_match,"Türkiye , Pakistan ve Suudi Arabistan arasındaki anlaşma bölgede nasıl yorumlandı ? ",haberler.com,Turkey,Turkish,https://www.haberler.com/dunya/turkiye-pakistan-ve-suudi-arabistan-arasindaki-20133324-haberi/,0.0,neutral
2026-08-10 13:00:00,"Iran, Pakistan",group_level,"Dar reiterates Makkah defence pact is  defensive in nature , not directed against any country  ",tribune.com.pk,Pakistan,English,https://tribune.com.pk/story/2623091/dar-reiterates-makkah-defence-pact-is-defensive-in-nature-not-directed-against-any-country,0.128,positive
2026-08-10 11:00:00,Iran,headline_match,Can Islamic NATO rein in both Israel and Iran,chinanationalnews.com,China,English,http://www.chinanationalnews.com/news/279228814/can-islamic-nato-rein-in-both-israel-and-iran,0.0,neutral
2026-08-10 10:15:00,Iran,headline_match,Can Islamic NATO rein in both Israel and Iran,europesun.com,Russia,English,http://www.europesun.com/news/279228814/can-islamic-nato-rein-in-both-israel-and-iran,0.0,neutral
2026-08-10 10:15:00,Iran,headline_match,Isnt the  Islamic NATO  Another Western Ploy Against Iran ? ,countercurrents.org,India,English,https://countercurrents.org/2026/08/isnt-the-islamic-nato-another-western-ploy-against-iran/,0.0,neutral
2026-08-10 09:15:00,Iran,headline_match,Can Islamic NATO rein in both Israel and Iran,shanghainews.net,China,English,http://www.shanghainews.net/news/279228814/can-islamic-nato-rein-in-both-israel-and-iran,0.0,neutral
2026-08-10 09:15:00,Iran,headline_match,Can Islamic NATO rein in both Israel and Iran,shanghaisun.com,China,English,http://www.shanghaisun.com/news/279228814/can-islamic-nato-rein-in-both-israel-and-iran,0.0,neutral
2026-08-10 06:15:00,"Iran, Pakistan",group_level,Makkah Defence Pact : Should India be Alarmed ? ,ummid.com,India,English,https://www.ummid.com/news/2026/8/10/makkah-defence-pact-should-india-be-alarmed.html,-0.25,negative
2026-08-10 05:00:00,"Iran, Pakistan",group_level,The treaty that voids the signature,jns.org,Israel,English,https://www.jns.org/opinion/daniel-winston/the-treaty-that-voids-the-signature,0.0,neutral
2026-08-10 02:00:00,Iran,headline_match,Can Islamic NATO reign in both Israel and Iran,beijingbulletin.com,China,English,http://www.beijingbulletin.com/news/279228530/can-islamic-nato-reign-in-both-israel-and-iran,0.0,neutral
2026-08-09 23:30:00,Iran,headline_match,Can Islamic NATO reign in both Israel and Iran,shanghainews.net,China,English,http://www.shanghainews.net/news/279228530/can-islamic-nato-reign-in-both-israel-and-iran,0.0,neutral
2026-08-09 23:00:00,Iran,headline_match,Can  Islamic NATO  reign in both Israel and Iran ? ,nepalnational.com,Nepal,English,http://www.nepalnational.com/news/279228532/can-islamic-nato-reign-in-both-israel-and-iran,0.0,neutral
2026-08-09 23:00:00,Iran,headline_match,Can Islamic NATO reign in both Israel and Iran,cambodiantimes.com,Cambodia,English,http://www.cambodiantimes.com/news/279228530/can-islamic-nato-reign-in-both-israel-and-iran,0.0,neutral
2026-08-09 23:00:00,Iran,headline_match,Can Islamic NATO reign in both Israel and Iran,pakistantelegraph.com,Pakistan,English,http://www.pakistantelegraph.com/news/279228530/can-islamic-nato-reign-in-both-israel-and-iran,0.0,neutral
2026-08-09 23:00:00,Iran,headline_match,Can Islamic NATO reign in both Israel and Iran,nepalnational.com,Nepal,English,http://www.nepalnational.com/news/279228530/can-islamic-nato-reign-in-both-israel-and-iran,0.0,neutral
2026-08-09 23:00:00,Iran,headline_match,Can  Islamic NATO  reign in both Israel and Iran ? ,pakistantelegraph.com,Pakistan,English,http://www.pakistantelegraph.com/news/279228532/can-islamic-nato-reign-in-both-israel-and-iran,0.0,neutral
2026-08-09 23:00:00,"Iran, Pakistan",group_level,"Three Flags , One Shield : Inside the Makkah Pact , Reshaping the Middle East",dailyexcelsior.com,India,English,https://www.dailyexcelsior.com/three-flags-one-shield-inside-the-makkah-pact-reshaping-the-middle-east/,0.0,neutral
2026-08-09 22:30:00,Iran,headline_match,Can Islamic NATO reign in both Israel and Iran,iraqsun.com,Iraq,English,http://www.iraqsun.com/news/279228530/can-islamic-nato-reign-in-both-israel-and-iran,0.0,neutral
2026-08-09 22:30:00,Iran,headline_match,Can Islamic NATO reign in both Israel and Iran,iranherald.com,Iran,English,http://www.iranherald.com/news/279228530/can-islamic-nato-reign-in-both-israel-and-iran,0.0,neutral
2026-08-09 22:00:00,Iran,headline_match,Can Islamic NATO reign in both Israel and Iran,malaysiasun.com,Malaysia,English,http://www.malaysiasun.com/news/279228530/can-islamic-nato-reign-in-both-israel-and-iran,0.0,neutral
2026-08-09 20:45:00,Iran,headline_match,Can Islamic NATO reign in both Israel and Iran,chinanationalnews.com,China,English,http://www.chinanationalnews.com/news/279228530/can-islamic-nato-reign-in-both-israel-and-iran,0.0,neutral
2026-08-09 20:00:00,Iran,headline_match,Can  Islamic NATO  reign in both Israel and Iran ? ,bignewsnetwork.com,United States,English,http://www.bignewsnetwork.com/news/279228532/can-islamic-nato-reign-in-both-israel-and-iran,0.0,neutral
2026-08-09 20:00:00,Iran,headline_match,Can Islamic NATO reign in both Israel and Iran,bignewsnetwork.com,United States,English,http://www.bignewsnetwork.com/news/279228530/can-islamic-nato-reign-in-both-israel-and-iran,0.0,neutral
2026-08-09 20:00:00,"Iran, Pakistan",group_level,"With US taking a hostile approach to India , the  Mecca pact  is threatening",economictimes.indiatimes.com,India,English,https://economictimes.indiatimes.com/opinion/et-commentary/with-us-taking-a-hostile-approach-to-india-the-mecca-pact-is-threatening/articleshow/133073176.cms,-0.7184,negative
2026-08-09 19:00:00,Pakistan,headline_match,"Defense pact between Saudi Arabia , Turkey , Pakistan will boost India - Israel ties",jpost.com,Israel,English,https://www.jpost.com/middle-east/article-905010,0.4939,positive
2026-08-09 18:45:00,Pakistan,headline_match,"Defense pact between Saudi Arabia , Turkey , Pakistan will boost India - Israel ties",jpost.com,Israel,English,http://www.jpost.com/middle-east/article-905010,0.4939,positive
2026-08-09 15:45:00,"Iran, Pakistan",group_level,Yemen Houthis attack Saudi refinery after kingdom signs defence pact,tribune.com.pk,Pakistan,English,https://tribune.com.pk/story/2622946/yemens-houthis-attack-saudi-refinery-after-kingdom-signs-defence-pact,-0.4019,negative
2026-08-09 13:00:00,Iran,headline_match,Iran Details Hormuz Terms As Aramco Refinery Attacked,hngn.com,United States,English,https://www.hngn.com/articles/272640/20260809/saudi-arabia-pakistan-turkey-sign-mutual-defense-pact-houthi-attacks-kill-dozens-near-yemen.htm,-0.4588,negative
2026-08-09 12:45:00,"Iran, Pakistan",group_level,"TBMMde Çankırı , Cezaevleri ve Mekke Paktı Gündemi",haberler.com,Turkey,Turkish,https://www.haberler.com/politika/tbmm-genel-kurulu-toplandi-20130327-haberi/,0.0,neutral
2026-08-09 11:45:00,"Iran, Pakistan",group_level,Links 8 / 9 / 2026 | naked capitalism,nakedcapitalism.com,United States,English,https://www.nakedcapitalism.com/2026/08/links-8-9-2026.html,0.0,neutral
2026-08-09 11:30:00,"Iran, Pakistan",group_level,JI announces sit - ins across all four provinces on August 16,geo.tv,Pakistan,English,https://www.geo.tv/latest/676796-ji-announces-sit-ins-across-all-four-provinces-on-august-16,0.0,neutral
2026-08-09 11:30:00,"Iran, Pakistan",group_level,"Pak - Saudi - Turkiye Defence Pact open to regional countries , says Dar",dunyanews.tv,Pakistan,English,https://dunyanews.tv/en/Pakistan/967060-paksauditurkiye-defence-pact-open-to-regional-countries-says-dar,0.1027,positive
2026-08-09 11:15:00,"Iran, Pakistan",group_level,Can India still pull off another Operation Sindoor ? What Saudi - Pak - Turkey Mecca defence deal means,timesofindia.indiatimes.com,India,English,https://timesofindia.indiatimes.com/defence/news/can-india-still-pull-off-another-operation-sindoor-what-saudi-pak-turkey-mecca-defence-deal-means/articleshow/133065783.cms,0.1027,positive
2026-08-09 11:15:00,"Iran, Pakistan",group_level,"Makkah defence pact  purely defensive , not targeted at any country : Dar",tribune.com.pk,Pakistan,English,https://tribune.com.pk/story/2622943/makkah-defence-pact-purely-defensive-not-targeted-at-any-country-dar,0.2006,positive
2026-08-09 11:00:00,"Iran, Pakistan",group_level,  Islamic NATO  or paper alliance ? The truth behind Saudi Arabia new defense pact,ynetnews.com,Israel,English,https://www.ynetnews.com/opinions-analysis/article/rjmp11isifl,0.4215,positive
2026-08-09 08:45:00,"Iran, Pakistan",group_level,Decoding the Mecca Defence Agreement : A new security architecture in the Middle East ? ,news.az,Azerbaijan,English,https://news.az/news/decoding-the-mecca-defence-agreement-a-new-security-architecture-in-the-middle-east,0.7184,positive
2026-08-09 07:45:00,"Iran, Pakistan",group_level,Makkah defense pact signals shift in regional security : analyst,en.antaranews.com,Indonesia,English,https://en.antaranews.com/news/426227/makkah-defense-pact-signals-shift-in-regional-security-analyst,0.4404,positive
2026-08-09 07:00:00,"Iran, Pakistan",group_level,"Makkah Defence Pact open to regional countries , Egypt likely to join : Turkish FM",dunyanews.tv,Pakistan,English,https://dunyanews.tv/en/Pakistan/966982-makkah-defence-pact-open-to-regional-countries-egypt-likely-to-join-,0.3818,positive
2026-08-09 06:45:00,"Iran, Pakistan",group_level,Mekke Paktı Rusyada nasıl yankılandı ? Moskovadan Ortadoğunun yeni güvenlik denklemine bakış,haber7.com,Turkey,Turkish,https://www.haber7.com/yazarlar/yildiran-acar/3649862-mekke-pakti-rusyada-nasil-yankilandi-moskovadan-ortadogunun-yeni-guvenlik-denklemine-bakis,0.0,neutral
2026-08-09 06:30:00,"Saudi Arabia, Turkiye",unknown,Ankara | lEgitto potrebbe essere il prossimo Paese ad aderire al  Patto della Mecca  ,zazoom.it,Italy,Italian,https://www.zazoom.it/2026-08-09/ankara-legitto-potrebbe-essere-il-prossimo-paese-ad-aderire-al-patto-della-mecca/19551323/,0.0,neutral
2026-08-09 06:30:00,"Iran, Pakistan",group_level,A Glimpse of the Post - American Middle East ? ,theamericanconservative.com,United States,English,https://www.theamericanconservative.com/a-glimpse-of-the-post-american-middle-east/,0.0,neutral
2026-08-09 05:00:00,"Iran, Pakistan",group_level,Kapılar sonuna kadar açılacak - BERCAN TUTAR,sabah.com.tr,Turkey,Turkish,https://www.sabah.com.tr/yazarlar/bercan-tutar/2026/08/09/kapilar-sonuna-kadar-acilacak,0.0,neutral
2026-08-09 04:00:00,"Iran, Pakistan",group_level,Bu maceracılığın faturası ağır olur,birgun.net,Turkey,Turkish,https://www.birgun.net/haber/bu-maceraciligin-faturasi-agir-olur-728347%20target=_blank%20class=stretched-link,0.0,neutral
2026-08-09 02:00:00,"Iran, Pakistan",group_level,Makkah Joint Defence Agreement open to regional countries : Turkish FM,dunyanews.tv,Pakistan,English,https://dunyanews.tv/en/Pakistan/966982-makkah-joint-defence-agreement-open-to-regional-countries-turkish-fm,0.5574,positive
2026-08-09 02:00:00,Pakistan,headline_match,"Saudi Arabia , Pakistan celebrate joint defence agreement",dunyanews.tv,Pakistan,English,https://dunyanews.tv/en/Pakistan/966995-saudi-arabia-pakistan-celebrate-joint-defence-agreement-,0.8074,positive
2026-08-08 22:00:00,Pakistan,headline_match,Turkiye - Pakistan - Saudi Arabia defence pact same as Nato Article 5 : FM Fidan,geo.tv,Pakistan,English,https://www.geo.tv/latest/676760-turkiye-pakistan-saudi-arabia-defence-pact-same-as-natos-article-5-fm-fidan,0.1027,positive
2026-08-08 22:00:00,Pakistan,headline_match,"Yemen welcomes defense agreement among Türkiye , Saudi Arabia , Pakistan",thefrontierpost.com,Pakistan,English,https://thefrontierpost.com/yemen-welcomes-defense-agreement-among-turkiye-saudi-arabia-pakistan/,0.7506,positive
2026-08-08 20:00:00,Pakistan,headline_match,"Saudi - Pakistan - Turkiye pact : A new shield or strategic signal ? - Dominican Republic Post – Caribbean News , Business , Travel & Culture",dominicanrepublicpost.com,United States,English,https://dominicanrepublicpost.com/saudi-pakistan-turkiye-pact-a-new-shield-or-strategic-signal/,0.0,neutral
2026-08-08 20:00:00,"Iran, Pakistan",group_level,Makkah Joint Defence Pact hailed as landmark step,pakistantoday.com.pk,Pakistan,English,https://www.pakistantoday.com.pk/2026/08/09/makkah-defence-pact-hailed-as-landmark-step-towards-regional-security,0.3818,positive
2026-08-08 19:30:00,"Iran, Pakistan",group_level,Mecca Defense Pact Signals Saudi Arabia Bid to Shape a New Security Order,tiranatimes.com,Albania,English,https://www.tiranatimes.com/mecca-defense-pact-signals-saudi-arabias-bid-to-shape-a-new-security-order/,0.4404,positive
2026-08-08 17:30:00,"Iran, Pakistan",group_level,"Տեսանյութ . Մեքքայի պակտը կրկնում է ՆԱՏՕ - ի 5 - րդ հոդվածը , որը ենթադրում է « մեկի վրա հարձակումը ՝ հարձակում մյուսների վրա ». քաղաքագետ",azg.am,Armenia,Armenian,https://azg.am/politic/%D5%BF%D5%A5%D5%BD%D5%A1%D5%B6%D5%B5%D5%B8%D6%82%D5%A9-%D5%B4%D5%A5%D6%84%D6%84%D5%A1%D5%B5%D5%AB-%D5%BA%D5%A1%D5%AF%D5%BF%D5%A8-%D5%AF%D6%80%D5%AF%D5%B6%D5%B8%D6%82%D5%B4-%D5%A7-%D5%B6%D5%A1%D5%BF/,0.0,neutral
2026-08-08 17:15:00,Pakistan,headline_match,"Netanyahu mulls Saudi , Turkiye , Pakistan pact as Israeli elections loom - Grenada Chronicle – Daily Grenada And Caribbean News",grenadachronicle.com,United States,English,https://grenadachronicle.com/netanyahu-mulls-saudi-turkiye-pakistan-pact-as-israeli-elections-loom/,-0.2263,negative
2026-08-08 17:00:00,Pakistan,headline_match,"Yemen welcomes defense agreement among Türkiye , Saudi Arabia , Pakistan",aa.com.tr,Turkey,English,https://aa.com.tr/en/middle-east/yemen-welcomes-defense-agreement-among-turkiye-saudi-arabia-pakistan/4021948,0.7506,positive
2026-08-08 17:00:00,Pakistan,headline_match,"Israel mulls Saudi , Turkiye , Pakistan pact as elections loom",aljazeera.com,United States,English,https://www.aljazeera.com/news/2026/8/8/netanyahu-mulls-saudi-turkiye-pakistan-pact-as-israeli-elections-loom,-0.2263,negative
2026-08-08 14:00:00,Pakistan,headline_match,"Saudi Arabia , Pakistan , Turkey Sign Mutual Defense Pact",hngn.com,United States,English,https://www.hngn.com/articles/272640/20260808/saudi-arabia-pakistan-turkey-sign-mutual-defense-pact-houthi-attacks-kill-dozens-near-yemen.htm,0.128,positive
2026-08-08 13:45:00,Pakistan,headline_match,"Is Delhi Losing Strategic Edge as Pakistan inks Defence Pact with Saudi Arabia , Turkey ? ",en.dailypakistan.com.pk,Pakistan,English,https://en.dailypakistan.com.pk/08-Aug-2026/is-delhi-losing-strategic-edge-as-pakistan-inks-defence-pact-with-saudi-arabia-turkey,-0.296,negative
2026-08-08 13:30:00,Pakistan,headline_match,"Mecca Defense Pact Combines Biggest Strengths of Saudi Arabia , Turkiye and Pakistan",globalsecurity.org,Syria,English,https://www.globalsecurity.org/military/library/news/2026/08/mil-260807-sputnik01.htm,0.4939,positive
2026-08-08 12:15:00,"Iran, Pakistan",group_level,"Three Flags , One Shield : Inside The Makkah Pact",ummid.com,India,English,https://www.ummid.com/news/2026/8/8/three-flags-one-shield-inside-the-makkah-pact.html,0.0,neutral
2026-08-08 12:00:00,"Iran, Pakistan",group_level,"Reciproca difesa , novità dirompente dalla Mecca",ecodibergamo.it,Italy,Italian,https://www.ecodibergamo.it/stories/premium/editoriale/reciproca-difesa-novita-dirompente-dalla-mecca-o_3925867_11/,0.0,neutral
2026-08-08 11:30:00,"Iran, Pakistan",group_level,"Bilawal calls Makkah Defence Agreement historic milestone , hails PM Shehbaz and CDF Munir",tribune.com.pk,Pakistan,English,https://tribune.com.pk/story/2622781/bilawal-calls-makkah-defence-agreement-historic-milestone-hails-pm-shehbaz-and-cdf-munir,0.5574,positive
2026-08-08 11:30:00,"Iran, Pakistan",group_level,The Mecca Pact : A new Sunni security architecture born of American doubt,middleeastmonitor.com,Israel,English,https://www.middleeastmonitor.com/20260808-the-mecca-pact-a-new-sunni-security-architecture-born-of-american-doubt/,-0.0258,neutral
2026-08-08 11:30:00,Iran,headline_match,"La nascita della  nato islamica  È una pessima notizia non solo per liran , ma anche per trump",dagospia.com,Italy,Italian,https://www.dagospia.com/politica/nascita-nato-islamica-e-pessima-notizia-non-per-l-iran-per-trump-483066,0.0,neutral
2026-08-08 11:15:00,"Saudi Arabia, Turkiye",unknown,"Saudi Arabia , Turkey , Pakistan sign joint defence agreement",jordantimes.com,Jordan,English,https://jordantimes.com/news/region/saudi-arabia-turkey-pakistan-sign-joint-defence-agreement,0.5574,positive
2026-08-08 11:00:00,"Saudi Arabia, Turkiye",unknown,"Islamic NATO alliance formed : Turkey , Saudi Arabia , and Pakistan sign defense pact",bankingnews.gr,Greece,English,https://www.bankingnews.gr/analyseis-ektheseis/articles/892764/islamic-nato-alliance-formed-turkey-saudi-arabia-and-pakistan-sign-defense-pact,0.128,positive
2026-08-08 10:30:00,Saudi Arabia,unknown,Yemen : Mecca mutual defense pact a strategic step to enhance regional security,sana.sy,Syria,English,https://sana.sy/en/international/2335055/,0.4404,positive
2026-08-08 10:30:00,"Saudi Arabia, Turkiye",unknown,Il Patto della Mecca e la nascita di un nuovo blocco di sicurezza sunnita,zazoom.it,Italy,Italian,https://www.zazoom.it/2026-08-08/il-patto-della-mecca-e-la-nascita-di-un-nuovo-blocco-di-sicurezza-sunnita/19549096/,0.0,neutral
2026-08-08 09:30:00,"Saudi Arabia, Turkiye",unknown,Saudi - Pakistan - Turkey Defence Pact : Iran calls it  paper deal  ,organiser.org,India,English,https://organiser.org/2026/08/08/374098/world/saudi-pakistan-turkey-defence-pact-iranian-mp-rezaei-calls-it-a-paper-deal-that-wont-guarantee-riyadhs-security/,0.1027,positive
2026-08-08 09:15:00,"Saudi Arabia, Turkiye",unknown,"Saudi Arabia , Pakistan , Turkey Sign Trilateral Defence Pact in Mecca",dailypioneer.com,India,English,https://dailypioneer.com/news/saudi-pak-turkey-forge-mecca-pact,0.1027,positive
2026-08-08 08:15:00,"Saudi Arabia, Turkiye",unknown,"  US umbrella no longer enough : Unpacking the Saudi Arabia , Turkey , Pakistan defence pact signed in Mecca",hindustantimes.com,India,English,https://www.hindustantimes.com/ht-explainers/about-saudi-arabia-turkey-pakistan-mecca-defence-agreement-west-asia-war-iran-us-israel-conflict-geopolitics-security-101786172147647.html,-0.2023,negative
2026-08-08 08:00:00,"Saudi Arabia, Turkiye",unknown,Arabia Saudita Turchia e Pakistan stringono una nuova alleanza militare in Medio Oriente,zazoom.it,Italy,Italian,https://www.zazoom.it/2026-08-08/arabia-saudita-turchia-e-pakistan-stringono-una-nuova-alleanza-militare-in-medio-oriente/19548545/,0.0,neutral
2026-08-08 08:00:00,"Saudi Arabia, Turkiye",unknown,Türkiye and Saudi Arabia seek Pakistani Nuclear Umbrella against Israel,juancole.com,United States,English,https://www.juancole.com/2026/08/turkiye-pakistani-umbrella.html,0.0,neutral
2026-08-08 07:15:00,"Saudi Arabia, Turkiye",unknown,Mekkeden gelen muştu - BERCAN TUTAR,sabah.com.tr,Turkey,Turkish,https://www.sabah.com.tr/yazarlar/bercan-tutar/2026/08/08/mekkeden-gelen-mustu,0.0,neutral
2026-08-08 06:15:00,"Saudi Arabia, Turkiye",unknown,Trump top general seeks path out of Iran war as military options narrow : report,tribune.com.pk,Pakistan,English,https://tribune.com.pk/story/2622748/trumps-top-general-seeks-path-out-of-iran-war-as-military-options-narrow-report,-0.4767,negative
2026-08-08 05:00:00,"Saudi Arabia, Turkiye",unknown,"Saudi Arabia , Turkey and Pakistan Forge Historic  Mecca Joint Defence Pact  in Major Security Alliance",lankanewspapers.com,Sri Lanka,English,https://www.lankanewspapers.com/2026/08/08/saudi-arabia-turkey-and-pakistan-forge-historic-mecca-joint-defence-pact-in-major-security-alliance,0.4754,positive
2026-08-08 04:15:00,"Saudi Arabia, Turkiye",unknown,"Turkish , Pakistani and Saudi flags shine in Kingdom cities",middleeasteye.net,Israel,English,https://www.middleeasteye.net/live-blog/live-blog-update/turkish-pakistani-and-saudi-flags-shine-kingdoms-cities,0.0,neutral
2026-08-08 00:00:00,"Saudi Arabia, Turkiye",unknown,Iran … Trump … War / Conflict … Evening … 8 / 7 / 2026 …. Strait and Gulf Agreements Developments ….. ,politicaldog101.com,United States,English,https://politicaldog101.com/2026/08/irantrumpwar-conflictevening8-7-2026-strait-and-gulf-agreements-developments/,-0.6249,negative
2026-08-08 00:00:00,"Saudi Arabia, Turkiye",unknown,Brunei No . 1 News Website,brudirect.com,Brunei,English,"https://brudirect.com/post/Saudi-Arabia,-Turkey-and-Pakistan-sign-defence-agreement",-0.296,negative
2026-08-07 21:30:00,"Saudi Arabia, Turkiye",unknown,"Erdogan says defence deal with Pakistan , Saudi Arabia  targets no country  ",geo.tv,Pakistan,English,https://www.geo.tv/latest/676620-erdogan-says-defence-deal-with-pakistan-saudi-arabia-targets-no-country-open-to-brotherly-nations,-0.2023,negative
2026-08-07 18:15:00,"Saudi Arabia, Turkiye",unknown,"Saudi Arabia , Pakistan , Turkey Sign Landmark Tripartite Defence Pact In Mecca",saharareporters.com,Nigeria,English,https://saharareporters.com/2026/08/07/saudi-arabia-pakistan-turkey-sign-landmark-tripartite-defence-pact-mecca,0.1779,positive
2026-08-07 17:45:00,"Saudi Arabia, Turkiye",unknown,"Turkey says defence deal with Saudi , Pakistan  not aimed at any particular country  ",bssnews.net,Bangladesh,English,https://www.bssnews.net/international/412623,0.1027,positive
2026-08-07 17:45:00,"Saudi Arabia, Turkiye",unknown,"  Mecca Agreement : Saudi Arabia , Turkey and Pakistan Sign Joint Military Pact",legalinsurrection.com,United States,English,https://legalinsurrection.com/2026/08/mecca-agreement-saudi-arabia-turkey-and-pakistan-sign-joint-military-pact/,0.4939,positive
2026-08-07 17:45:00,"Saudi Arabia, Turkiye",unknown,"Two civilians killed in Houthi strike on Marib , says Yemen government | Conflict News",aljazeera.com,United States,English,https://www.aljazeera.com/news/2026/8/7/two-civilians-killed-in-houthi-strike-on-marib-says-yemens-government,-0.8074,negative
2026-08-07 17:15:00,"Saudi Arabia, Turkiye",unknown,"Saudi Arabia , Turkey and Pakistan sign key defence agreement",malverngazette.co.uk,United Kingdom,English,https://www.malverngazette.co.uk/news/national/26446490.saudi-arabia-turkey-pakistan-sign-key-defence-agreement/,0.5574,positive
2026-08-07 17:15:00,"Saudi Arabia, Turkiye",unknown,"Saudi Arabia , Turkey and Pakistan sign key defence agreement",halsteadgazette.co.uk,United Kingdom,English,https://www.halsteadgazette.co.uk/news/national/26446490.saudi-arabia-turkey-pakistan-sign-key-defence-agreement/,0.5574,positive
2026-08-07 16:45:00,"Saudi Arabia, Turkiye",unknown,"Saudi Arabia , Turkey and Pakistan sign key defence agreement",stourbridgenews.co.uk,United Kingdom,English,https://www.stourbridgenews.co.uk/news/national/26446490.saudi-arabia-turkey-pakistan-sign-key-defence-agreement/,0.5574,positive
2026-08-07 16:45:00,"Saudi Arabia, Turkiye",unknown,"Saudi Arabia , Turkey and Pakistan sign key defence agreement",dumbartonreporter.co.uk,United Kingdom,English,https://www.dumbartonreporter.co.uk/news/national/26446490.saudi-arabia-turkey-pakistan-sign-key-defence-agreement/,0.5574,positive
2026-08-07 16:45:00,"Saudi Arabia, Turkiye",unknown,"Saudi Arabia , Turkey and Pakistan sign key defence agreement",hillingdontimes.co.uk,United Kingdom,English,https://www.hillingdontimes.co.uk/news/national/26446490.saudi-arabia-turkey-pakistan-sign-key-defence-agreement/,0.5574,positive
2026-08-07 16:30:00,"Saudi Arabia, Turkiye",unknown,"Saudi Arabia , Turkey and Pakistan sign key defence agreement",dailyecho.co.uk,United Kingdom,English,https://www.dailyecho.co.uk/news/national/26446490.saudi-arabia-turkey-pakistan-sign-key-defence-agreement/,0.5574,positive
2026-08-07 16:30:00,"Saudi Arabia, Turkiye",unknown,"Two civilians killed in Houthi strike on Marib , says Yemen government - Dominican Republic Post – Caribbean News , Business , Travel & Culture",dominicanrepublicpost.com,United States,English,https://dominicanrepublicpost.com/two-civilians-killed-in-houthi-strike-on-marib-says-yemens-government/,-0.7184,negative
2026-08-07 16:30:00,"Saudi Arabia, Turkiye",unknown,"Saudi Arabia , Turkey and Pakistan sign key defence agreement",newsshopper.co.uk,United Kingdom,English,https://www.newsshopper.co.uk/news/national/26446490.saudi-arabia-turkey-pakistan-sign-key-defence-agreement/,0.5574,positive
2026-08-07 16:15:00,"Saudi Arabia, Turkiye",unknown,"Saudi Arabia , Turkey and Pakistan sign key defence agreement",northwichguardian.co.uk,United Kingdom,English,https://www.northwichguardian.co.uk/news/national/26446490.saudi-arabia-turkey-pakistan-sign-key-defence-agreement/,0.5574,positive
2026-08-07 16:15:00,"Saudi Arabia, Turkiye",unknown,"Saudi Arabia , Turkey and Pakistan sign key defence agreement",echo-news.co.uk,United Kingdom,English,https://www.echo-news.co.uk/news/national/26446490.saudi-arabia-turkey-pakistan-sign-key-defence-agreement/,0.5574,positive
2026-08-07 15:45:00,"Saudi Arabia, Turkiye",unknown,"Saudi Arabia , Turkey and Pakistan sign key defence agreement",thurrockgazette.co.uk,United Kingdom,English,https://www.thurrockgazette.co.uk/news/national/26446490.saudi-arabia-turkey-pakistan-sign-key-defence-agreement/,0.5574,positive
2026-08-07 15:45:00,"Saudi Arabia, Turkiye",unknown,"Saudi Arabia , Turkey and Pakistan sign key defence agreement",hexham-courant.co.uk,United Kingdom,English,https://www.hexham-courant.co.uk/news/national/26446490.saudi-arabia-turkey-pakistan-sign-key-defence-agreement/,0.5574,positive
2026-08-07 15:45:00,"Saudi Arabia, Turkiye",unknown,"Saudi Arabia , Turkey and Pakistan sign key defence agreement",oxfordmail.co.uk,United Kingdom,English,https://www.oxfordmail.co.uk/news/national/26446490.saudi-arabia-turkey-pakistan-sign-key-defence-agreement/,0.5574,positive
2026-08-07 15:15:00,"Saudi Arabia, Turkiye",unknown,Nato : Islamic Nato taking shape ? What the Saudi - Pakistan - Turkey Mecca pact means for Iran & Israel,timesofindia.indiatimes.com,India,English,https://timesofindia.indiatimes.com/defence/international/islamic-nato-taking-shape-what-the-saudi-pakistan-turkey-mecca-pact-means-for-iran-india-israel/articleshow/133032539.cms,0.0,neutral
2026-08-07 15:15:00,"Saudi Arabia, Turkiye",unknown,"Saudi Arabia , Turkey and Pakistan sign key defence agreement",gazetteherald.co.uk,United Kingdom,English,https://www.gazetteherald.co.uk/news/national/26446490.saudi-arabia-turkey-pakistan-sign-key-defence-agreement/,0.5574,positive
2026-08-07 15:15:00,"Saudi Arabia, Turkiye",unknown,"Turkiye , Saudi Arabi , Pakistan sign joint defence agreement : What in it ? - Dominican Republic Post – Caribbean News , Business , Travel & Culture",dominicanrepublicpost.com,United States,English,https://dominicanrepublicpost.com/turkiye-saudi-arabi-pakistan-sign-joint-defence-agreement-whats-in-it/,0.5574,positive
2026-08-07 15:15:00,"Saudi Arabia, Turkiye",unknown,"Saudi Arabia , Turkey and Pakistan sign key defence agreement",wandsworthguardian.co.uk,United Kingdom,English,https://www.wandsworthguardian.co.uk/news/national/26446490.saudi-arabia-turkey-pakistan-sign-key-defence-agreement/,0.5574,positive
2026-08-07 15:15:00,"Saudi Arabia, Turkiye",unknown,"Saudi Arabia , Turkey and Pakistan sign key defence agreement",southwalesargus.co.uk,United Kingdom,English,https://www.southwalesargus.co.uk/news/national/26446490.saudi-arabia-turkey-pakistan-sign-key-defence-agreement/,0.5574,positive
2026-08-07 15:00:00,"Saudi Arabia, Turkiye",unknown,"Saudi Arabia , Turkey and Pakistan sign key defence agreement",eveningnews24.co.uk,United Kingdom,English,https://www.eveningnews24.co.uk/news/national/26446490.saudi-arabia-turkey-pakistan-sign-key-defence-agreement/,0.5574,positive
2026-08-07 15:00:00,"Saudi Arabia, Turkiye",unknown,"Saudi Arabia , Turkey and Pakistan sign key defence agreement",cravenherald.co.uk,United Kingdom,English,https://www.cravenherald.co.uk/news/national/26446490.saudi-arabia-turkey-pakistan-sign-key-defence-agreement/,0.5574,positive
2026-08-07 15:00:00,"Saudi Arabia, Turkiye",unknown,Trump Iran dilemma : He stuck in war with no exit in sight,tribune.com.pk,Pakistan,English,https://tribune.com.pk/story/2622629/trumps-iran-dilemma-hes-stuck-in-war-with-no-exit-in-sight,-0.8316,negative
2026-08-07 15:00:00,"Saudi Arabia, Turkiye",unknown,"Saudi Arabia , Turkey and Pakistan sign key defence agreement",hampshirechronicle.co.uk,United Kingdom,English,https://www.hampshirechronicle.co.uk/news/national/26446490.saudi-arabia-turkey-pakistan-sign-key-defence-agreement/,0.5574,positive
2026-08-07 15:00:00,"Saudi Arabia, Turkiye",unknown,"Saudi Arabia , Turkey and Pakistan sign key defence agreement",lancashiretelegraph.co.uk,United Kingdom,English,https://www.lancashiretelegraph.co.uk/news/national/26446490.saudi-arabia-turkey-pakistan-sign-key-defence-agreement/,0.5574,positive
2026-08-07 15:00:00,"Saudi Arabia, Turkiye",unknown,Nato : Islamic Nato taking shape ? What the Saudi - Pakistan - Turkey Mecca pact means for Iran & Israel,timesofindia.indiatimes.com,India,English,https://timesofindia.indiatimes.com/world/middle-east/islamic-nato-taking-shape-what-the-saudi-pakistan-turkey-mecca-pact-means-for-iran-india-israel/articleshow/133032539.cms,0.0,neutral
2026-08-07 14:30:00,"Saudi Arabia, Turkiye",unknown,"Turchia , Arabia Saudita e Pakistan firmano patto di difesa collettiva",teleborsa.it,Italy,Italian,https://www.teleborsa.it/News/2026/08/07/turchia-arabia-saudita-e-pakistan-firmano-patto-di-difesa-collettiva-163.html,0.0,neutral
2026-08-07 13:30:00,"Saudi Arabia, Turkiye",unknown,"Turchia , Arabia Saudita e Pakistan firmano patto di difesa collettiva",borsaitaliana.it,Italy,Italian,https://www.borsaitaliana.it/borsa/notizie/teleborsa/economia/turchia-arabia-saudita-e-pakistan-firmano-patto-di-difesa-collettiva-163_2026-08-07_TLB.html,0.0,neutral
2026-08-07 08:30:00,"Saudi Arabia, Turkiye",unknown,"Saudi Arabia , Turkey and Pakistan forge new defence alliance amid Middle East tensions",thenews.com.pk,Pakistan,English,https://www.thenews.com.pk/latest/1411505-saudi-arabia-turkey-and-pakistan-forge-new-defence-alliance-amid-middle-east-tensions,-0.3182,negative
2026-08-07 07:15:00,"Saudi Arabia, Turkiye",unknown,"Saudi Arabia , Turkey , Pakistan to sign defence pact on Friday",arynews.tv,Pakistan,English,https://arynews.tv/saudi-arabia-turkey-pakistan-to-sign-defence-pact-on-friday,0.1027,positive
2026-08-07 07:00:00,"Saudi Arabia, Turkiye",unknown,"Saudi Arabia , Turkey , Pakistan expected to sign defence pact",nationalpost.com,Canada,English,https://nationalpost.com/news/saudi-arabia-turkey-pakistan-defence-pact,0.1027,positive
2026-08-07 05:45:00,"Saudi Arabia, Turkiye",unknown,"Saudi Arabia , Turkey , Pakistan to sign defence pact on Friday : sources",bssnews.net,Bangladesh,English,https://www.bssnews.net/news-flash/412426,0.1027,positive
2026-08-07 04:15:00,"Saudi Arabia, Turkiye",unknown,"Saudi Arabia , Turkiye and Pakistan to sign joint defence pact",euronews.com,United States,English,https://www.euronews.com/2026/08/07/saudi-arabia-turkiye-and-pakistan-to-sign-joint-defence-pact-amid-regional-escalation,0.1027,positive
2026-08-07 03:45:00,"Saudi Arabia, Turkiye",unknown,"Turkiye , Saudi Arabia , Pakistan to Sign Joint Defence Pact",newkerala.com,India,English,https://www.newkerala.com/news/a/turkiye-saudi-arabia-pakistan-set-sign-joint-defence-511.htm,0.1027,positive
