hashtag_1,hashtag_2,count
#Pakistan,#SaudiArabia,87
#Pakistan,#Turkey,46
#SaudiArabia,#Turkey,39
#Geopolitics,#Pakistan,28
#Iran,#Pakistan,25
#MeccaPact,#Pakistan,25
#MiddleEast,#Pakistan,24
#Geopolitics,#SaudiArabia,23
#MiddleEast,#SaudiArabia,23
#Pakistan,#Turkiye,22
#Geopolitics,#MiddleEast,22
#MeccaPact,#SaudiArabia,21
#SaudiArabia,#Turkiye,21
#Pakistan,#Türkiye,20
#Iran,#SaudiArabia,17
#Geopolitics,#Turkey,16
#Geopolitics,#MeccaPact,16
#MakkahPact,#Pakistan,15
#Houthis,#SaudiArabia,14
#India,#Pakistan,14
#MakkahPact,#SaudiArabia,13
#SaudiArabia,#Yemen,13
#Iran,#MiddleEast,13
#SaudiArabia,#Türkiye,13
#MiddleEast,#Turkey,12
#India,#SaudiArabia,12
#Houthis,#Pakistan,12
#Pakistan,#Yemen,12
#MeccaPact,#Turkey,12
#Geopolitics,#Iran,11
#Pakistan,#Trump,11
#SaudiArabia,#Trump,10
#Israel,#Pakistan,10
#RegionalSecurity,#SaudiArabia,10
#Geopolitics,#India,9
#Pakistan,#RegionalSecurity,9
#MeccaAgreement,#Turkey,9
#MeccaAgreement,#SaudiArabia,9
#MeccaAgreement,#Pakistan,9
#Houthis,#MiddleEast,9
#Houthis,#MeccaPact,9
#Israel,#Turkey,9
#Iran,#Turkey,8
#Mecca,#Pakistan,8
#Pakistan,#USA,8
#Pakistan,#Saudi,8
#MakkahDefencePact,#Pakistan,8
#Iran,#MeccaPact,8
#IranWar,#IranWar‌,8
#Houthis,#Yemen,7
#MiddleEast,#Yemen,7
#Iran,#US,7
#Geopolitics,#RegionalSecurity,7
#RegionalSecurity,#Turkey,7
#NATO,#Turkey,7
#India,#Turkey,7
#MeccaPact,#MiddleEast,7
#Bangladesh,#Pakistan,7
#India,#Turkiye,7
#MakkahDefencePact,#SaudiArabia,7
#Pakistan,#ShehbazSharif,6
#SaudiArabia,#ShehbazSharif,6
#MiddleEast,#RegionalSecurity,6
#Israel,#UAE,6
#Geopolitics,#Israel,6
#SaudiArabia,#USA,6
#Iran,#Israel,6
#MeccaAgreement,#MiddleEast,6
#BreakingNews,#Pakistan,6
#MakkahPact,#Turkiye,6
#MeccaPact,#Yemen,6
#India,#MiddleEast,6
#Geopolitics,#MakkahPact,6
#NATO,#Pakistan,6
#Geopolitics,#MeccaAgreement,5
#Defence,#Pakistan,5
#Iran,#Mecca,5
#Mecca,#US,5
#Iran,#Yemen,5
#MiddleEast,#Turkiye,5
#MeccaDefencePact,#Pakistan,5
#Defence,#SaudiArabia,5
#Bangladesh,#SaudiArabia,5
#Trump,#Turkiye,5
#Egypt,#Pakistan,5
#Mecca,#Turkey,5
#Trump,#Turkey,5
#Defence,#Geopolitics,5
#MakkahPact,#MiddleEast,5
#BreakingNews,#SaudiArabia,5
#Geopolitics,#Houthis,5
#Israel,#MiddleEast,5
#Israel,#SaudiArabia,5
#NATO,#SaudiArabia,5
#Geopolitics,#Turkiye,5
#Houthis,#Iran,5
#Geopolitics,#MakkahDefencePact,5
#Turkey,#USA,5
#India,#MeccaPact,5
#MakkahPact,#RegionalSecurity,5
#Pakistan,#UAE,5
#Saudi,#Turkey,5
#MeccaDefencePact,#SaudiArabia,5
#MorningNews,#PTC,4
#Energy,#Trade,4
#Energy,#TextileIndustry,4
#MorningNews,#TextileIndustry,4
#Iran,#Türkiye,4
#Defence,#India,4
#Manufacturing,#TextileIndustry,4
#Manufacturing,#PowerSector,4
#EconomicUpdate,#OilAndGas,4
#EconomicUpdate,#MorningNews,4
#Pakistan,#US,4
#Pakistan,#Saudi_Arabia,4
#Turkiye,#Yemen,4
#BreakingNews,#MiddleEast,4
#OilAndGas,#Trade,4
#IranWar,#MiddleEast,4
#EconomicUpdate,#PTC,4
#EconomicUpdate,#PakistanEconomy,4
#EconomicUpdate,#PakistanTextileCouncil,4
#EconomicUpdate,#PowerSector,4
#MakkahDefencePact,#MiddleEastSecurity,4
#EconomicUpdate,#Manufacturing,4
#TextileIndustry,#Trade,4
#PowerSector,#Trade,4
#MorningNews,#PakistanEconomy,4
#MorningNews,#PakistanTextileCouncil,4
#MorningNews,#PowerSector,4
#BusinessNews,#PTC,4
#EconomicUpdate,#Exports,4
#BusinessNews,#Energy,4
#MorningNews,#OilAndGas,4
#Manufacturing,#Trade,4
#BusinessNews,#MorningNews,4
#BusinessNews,#OilAndGas,4
#BusinessNews,#Manufacturing,4
#BusinessNews,#Exports,4
#BusinessNews,#PowerSector,4
#BusinessNews,#PakistanTextileCouncil,4
#BusinessNews,#PakistanEconomy,4
#BusinessNews,#TextileIndustry,4
#Exports,#Trade,4
#Geopolitics,#MiddleEastSecurity,4
#Energy,#Exports,4
#MeccaDefencePact,#Turkey,4
#Energy,#MorningNews,4
#PakistanTextileCouncil,#Trade,4
#PowerSector,#TextileIndustry,4
#Exports,#PakistanEconomy,4
#Exports,#PakistanTextileCouncil,4
#Exports,#PowerSector,4
#Exports,#TextileIndustry,4
#Energy,#Manufacturing,4
#CollectiveDefense,#SaudiArabia,4
#Egypt,#SaudiArabia,4
#Pakistan,#SouthAsia,4
#DefencePact,#SaudiArabia,4
#MeccaAgreement,#RegionalSecurity,4
#India,#Israel,4
#EconomicUpdate,#TextileIndustry,4
#EconomicUpdate,#Trade,4
#DefencePact,#Pakistan,4
#DefencePact,#MiddleEast,4
#Iran,#USA,4
#MiddleEast,#USA,4
#MakkahPact,#Türkiye,4
#BusinessNews,#EconomicUpdate,4
#Bangladesh,#India,4
#Bangladesh,#Geopolitics,4
#DefencePact,#Geopolitics,4
#DefencePact,#Turkey,4
#EconomicUpdate,#Energy,4
#BusinessNews,#Trade,4
#MorningNews,#Trade,4
#OilAndGas,#PTC,4
#Energy,#OilAndGas,4
#MeccaPact,#Türkiye,4
#ShehbazSharif,#Trump,4
#India,#USA,4
#Geopolitics,#Türkiye,4
#DonaldTrump,#MeccaAgreement,4
#DonaldTrump,#Turkey,4
#DonaldTrump,#SaudiArabia,4
#DonaldTrump,#Pakistan,4
#MakkahDefencePact,#Turkiye,4
#Manufacturing,#PakistanEconomy,4
#Manufacturing,#PakistanTextileCouncil,4
#Iran,#Turkiye,4
#ShehbazSharif,#Turkiye,4
#Energy,#PakistanEconomy,4
#Energy,#PakistanTextileCouncil,4
#Energy,#PowerSector,4
#Manufacturing,#PTC,4
#Energy,#PTC,4
#PTC,#PowerSector,4
#PTC,#PakistanEconomy,4
#OilAndGas,#TextileIndustry,4
#IranWar,#USA,4
#PTC,#PakistanTextileCouncil,4
#Geopolitics,#Yemen,4
#PTC,#TextileIndustry,4
#Exports,#Manufacturing,4
#Exports,#MorningNews,4
#Exports,#OilAndGas,4
#Exports,#PTC,4
#PTC,#Trade,4
#PakistanEconomy,#PakistanTextileCouncil,4
#PakistanEconomy,#PowerSector,4
#PakistanEconomy,#TextileIndustry,4
#PakistanEconomy,#Trade,4
#PakistanTextileCouncil,#PowerSector,4
#PakistanTextileCouncil,#TextileIndustry,4
#Manufacturing,#MorningNews,4
#Manufacturing,#OilAndGas,4
#OilAndGas,#PakistanEconomy,4
#OilAndGas,#PakistanTextileCouncil,4
#OilAndGas,#PowerSector,4
#Geopolitics,#GlobalTrade,3
#Asiaone,#Pakistan,3
#Houthis,#Turkiye,3
#BreakingNews,#Iran,3
#IranWar,#Israel,3
#Geopolitics,#USA,3
#Geopolitics,#IranWar,3
#MakkahDefencePact,#MakkahPact,3
#Turkey,#UAE,3
#MiddleEast,#NATO,3
#India,#Iran,3
#Saudi_Arabia,#Türkiye,3
#PakistanSaudiArabia,#PakistanTurkey,3
#Geopolitics,#StraitOfHormuz,3
#Turkiye,#USA,3
#Defence,#MeccaPact,3
#Bangladesh,#Türkiye,3
#IranWar,#MeccaPact,3
#PakistanSaudiArabia,#Turkey,3
#PakistanSaudiArabia,#SaudiArabia,3
#Pakistan,#PakistanSaudiArabia,3
#Erdogan,#Turkey,3
#Erdogan,#SaudiArabia,3
#Erdogan,#Pakistan,3
#India,#WestAsia,3
#India,#UAE,3
#KhawajaAsif,#MakkahDefencePact,3
#MiddleEast,#PakistanSaudiArabia,3
#MakkahDefencePact,#PakistanTurkey,3
#MakkahDefencePact,#PakistanSaudiArabia,3
#MakkahDefencePact,#MiddleEast,3
#Geopolitics,#NATO,3
#Erdogan,#MiddleEast,3
#Turkey,#US,3
#Gulf,#Pakistan,3
#Mecca,#SaudiArabia,3
#Egypt,#Turkey,3
#SaudiArabia,#SouthAsia,3
#MeccaPact,#RegionalSecurity,3
#MakkahDefenceAgreement,#Pakistan,3
#IranWar,#Pakistan,3
#Iran,#NATO,3
#KSA,#Pakistan,3
#Geopolitics,#WestAsia,3
#IranWar,#Turkey,3
#Pakistan,#Syria,3
#BRICS,#Geopolitics,3
#Pakistan,#WestAsia,3
#Hormuz,#Iran,3
#Israel,#MeccaPact,3
#Asiaonenews,#SaudiArabia,3
#Asiaonenews,#Pakistan,3
#Asiaone,#SaudiArabia,3
#MiddleEast,#UAE,3
#Israel,#Syria,3
#Israel,#MeccaAgreement,3
#Asiaone,#Asiaonenews,3
#Bangladesh,#Defence,3
#GlobalTrade,#SpatialRisk,3
#Bangladesh,#MeccaPact,3
#DefencePact,#RegionalSecurity,3
#DefencePact,#MeccaAgreement,3
#DefencePact,#India,3
#DefencePact,#DonaldTrump,3
#Israel,#MakkahDefencePact,3
#DonaldTrump,#MiddleEast,3
#DonaldTrump,#India,3
#DonaldTrump,#Geopolitics,3
#PakistanSaudiArabia,#RegionalSecurity,3
#MakkahPact,#PakistanSaudiArabia,3
#MeccaDefencePact,#MiddleEast,3
#India,#RegionalSecurity,3
#India,#MakkahPact,3
#Syria,#Turkey,3
#Geopolitics,#MeccaDefencePact,3
#DefensePact,#SaudiArabia,3
#DefensePact,#Pakistan,3
#CollectiveDefense,#Pakistan,3
#Geopolitics,#SpatialRisk,3
#Iran,#UN,3
#Houthi,#SaudiArabia,3
#Houthi,#Pakistan,3
#India,#MeccaAgreement,3
#Iran,#Saudi_Arabia,3
#Iran,#IranWar,3
#UN,#USmilitary,3
#Iran,#USmilitary,3
#Au79Macro,#SpatialRisk,3
#Au79Macro,#GlobalTrade,3
#Au79Macro,#Geopolitics,3
#MiddleEastSecurity,#SaudiArabia,3
#MiddleEastSecurity,#Pakistan,3
#Israel,#MiddleEastSecurity,3
#Geopolitics,#StrategicAffairs,3
#Iran,#MakkahPact,3
#BreakingNews,#Geopolitics,3
#NATO,#USA,2
#Greece,#Israel,2
#Greece,#India,2
#Geopolitics,#WorldNews,2
#LondonVarta,#TurkeyPakistanSaudi,2
#MakkahDefencePact,#MuslimNATO,2
#MakkahDefencePact,#TurkeyPakistanSaudi,2
#MiddleEastSecurity,#MuslimNATO,2
#MiddleEastSecurity,#TurkeyPakistanSaudi,2
#MuslimNATO,#TurkeyPakistanSaudi,2
#Saudi_Arabia,#US,2
#Türkiye,#US,2
#Iran,#UAE,2
#Iran,#StraitOfHormuz,2
#Israel,#US,2
#MiddleEast,#StraitOfHormuz,2
#Mecca,#Saudi_Arabia,2
#Mecca,#Türkiye,2
#News,#RadioPakistan,2
#AyeshaSiddiqa,#Geopolitics,2
#DefenseTech,#SpatialRisk,2
#Geopolitics,#Inflation,2
#Geopolitics,#MacroRisk,2
#Defence,#Security,2
#Defence,#StrategicAffairs,2
#Defence,#Turkey,2
#Geopolitics,#SupplyChain,2
#GlobalTrade,#Inflation,2
#GlobalTrade,#MacroRisk,2
#CollectiveDefense,#Turkey,2
#DefensePact,#Geopolitics,2
#DefensePact,#Turkey,2
#Geopolitics,#SaudiPakistan,2
#Geopolitics,#Security,2
#Houthis,#India,2
#Houthis,#MeccaDefencePact,2
#MacroRisk,#SupplyChain,2
#SpatialRisk,#SupplyChain,2
#Au79Macro,#Macroeconomics,2
#Caliber,#Pakistan,2
#Caliber,#SaudiArabia,2
#Caliber,#Türkiye,2
#Houthis,#RedSea,2
#Houthis,#Security,2
#Houthis,#StrategicAffairs,2
#India,#MeccaDefencePact,2
#India,#RedSea,2
#India,#SaudiPakistan,2
#CollectiveDefense,#Israel,2
#CollectiveDefense,#MeccaAgreement,2
#CollectiveDefense,#MiddleEastSecurity,2
#DefenseTech,#Inflation,2
#Defense,#India,2
#Defense,#MakkahPact,2
#Diplomacy,#India,2
#Diplomacy,#MakkahPact,2
#Defense,#SaudiArabia,2
#Diplomacy,#Pakistan,2
#MeccaDefencePact,#Security,2
#MeccaDefencePact,#StrategicAffairs,2
#MeccaDefencePact,#Turkiye,2
#Ankara,#Pakistan,2
#Caliber,#MeccaPact,2
#GlobalTrade,#SupplyChain,2
#Inflation,#SpatialRisk,2
#MacroRisk,#SpatialRisk,2
#Bangladesh,#ForeignPolicy,2
#Bangladesh,#Turkiye,2
#MBS,#SaudiArabia,2
#IslamicNato,#Pakistan,2
#Pakistan,#Riyadh,2
#Riyadh,#Turkey,2
#MiddleEast,#RedSea,2
#MiddleEast,#SaudiPakistan,2
#MiddleEast,#Security,2
#MiddleEast,#StrategicAffairs,2
#Pakistan,#RedSea,2
#Pakistan,#SaudiPakistan,2
#Pakistan,#Security,2
#Pakistan,#StrategicAffairs,2
#Bangladesh,#Defense,2
#Bangladesh,#Diplomacy,2
#Bangladesh,#MakkahPact,2
#Defense,#Diplomacy,2
#Israel,#RegionalSecurity,2
#RedSea,#SaudiArabia,2
#RedSea,#Turkiye,2
#SaudiArabia,#SaudiPakistan,2
#SaudiArabia,#Security,2
#SaudiArabia,#StrategicAffairs,2
#MeccaAgreement,#Syria,2
#MeccaAgreement,#UAE,2
#MiddleEast,#Syria,2
#RegionalSecurity,#UAE,2
#SaudiArabia,#Syria,2
#SaudiArabia,#UAE,2
#Middleeasteye,#Syria,2
#Gaza,#Pakistan,2
#Iran,#IslamicNato,2
#Iran,#Saudi,2
#Egypt,#Mecca,2
#Gulf,#Israel,2
#Gulf,#MiddleEast,2
#CollectiveDefense,#MakkahPact,2
#CollectiveDefense,#MiddleEast,2
#MBS,#MakkahPact,2
#Gulf,#Turkey,2
#Greece,#Turkey,2
#DarkBox,#Pakistan,2
#DarkBox,#RegionalSecurity,2
#SaudiPakistan,#Turkey,2
#Security,#StrategicAffairs,2
#DarkBox,#SaudiArabia,2
#DarkBox,#Turkey,2
#DarkBox,#UAE,2
#Erdogan,#RegionalSecurity,2
#Iran,#Trump,2
#Asiaone,#MakkahDefencePact,2
#AbuDhabi,#DarkBox,2
#Turkey,#Turkiye,2
#balochistanliteracyimproved,#sarfrazbugtieducationreforms,2
#AbuDhabi,#Israel,2
#AbuDhabi,#MeccaAgreement,2
#AbuDhabi,#MiddleEast,2
#AbuDhabi,#Pakistan,2
#AbuDhabi,#RegionalSecurity,2
#AbuDhabi,#SaudiArabia,2
#AbuDhabi,#Turkey,2
#AbuDhabi,#UAE,2
#DarkBox,#Israel,2
#DarkBox,#MeccaAgreement,2
#DarkBox,#MiddleEast,2
#Express247,#Turkey,2
#BreakingNews,#Turkey,2
#Geopolitics,#PakistanSaudiArabia,2
#MakkahPact,#Turkey,2
#Houthis,#IranWar,2
#IranWar‌,#MeccaPact,2
#Bangladesh,#SouthAsia,2
#Defence,#Türkiye,2
#Geopolitics,#SouthAsia,2
#India,#SouthAsia,2
#MiddleEast,#SouthAsia,2
#SaudiArabia,#WestAsia,2
#SouthAsia,#Turkiye,2
#SouthAsia,#USA,2
#USA,#WestAsia,2
#CollectiveDefense,#MBS,2
#Asiaone,#ShehbazSharif,2
#Asiaone,#Trump,2
#Asiaone,#Turkiye,2
#Asiaonenews,#MakkahDefencePact,2
#Asiaonenews,#ShehbazSharif,2
#Asiaonenews,#Trump,2
#Asiaonenews,#Turkiye,2
#MakkahDefencePact,#ShehbazSharif,2
#MakkahDefencePact,#Trump,2
#Erdogan,#Geopolitics,2
#Express247,#Geopolitics,2
#Express247,#MakkahPact,2
#Express247,#Pakistan,2
#Express247,#PakistanSaudiArabia,2
#Express247,#RegionalSecurity,2
#Express247,#SaudiArabia,2
#Turkey,#WestAsia,2
#Iran,#PakistanArmy,2
#Pakistan,#PakistanArmy,2
#Egypt,#Iran,2
#Israel,#USA,2
#MeccaPact,#USA,2
#Geopolitics,#StrategicAutonomy,2
#Israel,#NATO,2
#MeccaPact,#NATO,2
#KhawajaAsif,#MiddleEast,2
#KhawajaAsif,#PakistanSaudiArabia,2
#KhawajaAsif,#PakistanTurkey,2
#MiddleEast,#PakistanTurkey,2
#Turkey,#Yemen,2
#Meccapact,#Pakistan,2
#Meccapact,#Saudi,2
#Islamism,#Pakistan,2
#Islamism,#SaudiArabia,2
#Islamism,#Turkey,2
#Islamism,#USA,2
#Islamism,#panIslamism,2
#Jihadism,#Pakistan,2
#Jihadism,#SaudiArabia,2
#Jihadism,#Turkey,2
#Jihadism,#USA,2
#Jihadism,#panIslamism,2
#Pakistan,#panIslamism,2
#SaudiArabia,#panIslamism,2
#MeccaPact,#UAE,2
#MeccaPact,#WestAsia,2
#Iran,#Makkah,2
#KSA,#Makkah,2
#BRICS,#Israel,2
#BRICS,#Pakistan,2
#Netanyahu,#Pakistan,2
#Iran,#Iraq,2
#Iraq,#Yemen,2
#China,#Geopolitics,2
#China,#India,2
#China,#MeccaPact,2
#China,#Pakistan,2
#Geopolitics,#UAE,2
#Turkey,#panIslamism,2
#USA,#panIslamism,2
#Geopolitics,#Oil,2
#Iran,#Oil,2
#Houthis,#Turkey,2
#Islamism,#Jihadism,2
#SaudiArabia,#TVOneUSA,2
#TVOneUSA,#Turkey,2
#Erdogan,#MakkahPact,2
#MakkahPact,#Trump,2
#India,#Trump,2
#Trump,#USA,2
#Iran,#ShehbazSharif,2
#PakistanTV,#RegionalSecurity,2
#Geopolitics,#GlobalPolitics,2
#GlobalPolitics,#MiddleEast,2
#GlobalPolitics,#Pakistan,2
#GlobalPolitics,#SaudiArabia,2
#IslamicNATO,#Pakistan,2
#IslamicNATO,#SaudiArabia,2
#MeccaPact,#TheWorldCorrespondent,2
#saudiarabia,#turkiye,2
#BREAKING,#SaudiArabia,2
#BREAKING,#Yemen,2
#MiddleEast,#TurkeyPakistan,2
#Pakistan,#TurkeyPakistan,2
#RegionalSecurity,#TurkeyPakistan,2
#SaudiArabia,#TurkeyPakistan,2
#AbrahamAccords,#MeccaPact,2
#Iran,#TheHardFacts,2
#MiddleEast,#ShehbazSharif,2
#MiddleEast,#TheHardFacts,2
#Pakistan,#TheHardFacts,2
#SaudiArabia,#TheHardFacts,2
#ShehbazSharif,#TheHardFacts,2
#DefencePact,#TurkeyPakistan,2
#DonaldTrump,#RegionalSecurity,2
#Pakistan,#TVOneUSA,2
#Geopolitics,#NationalSecurity,2
#India,#NationalSecurity,2
#NationalSecurity,#Pakistan,2
#NationalSecurity,#SaudiArabia,2
#NationalSecurity,#Turkey,2
#KSA,#Turkey,2
#IranWar‌,#USA,2
#Egypt,#MiddleEast,2
#Egypt,#Israel,2
#Egypt,#MakkahDefencePact,2
#Geopolitics,#IndiaSecurity,2
#Geopolitics,#TurkeyPakistan,2
#IndiaSecurity,#Pakistan,2
#IndiaSecurity,#SaudiArabia,2
#IndiaSecurity,#Turkey,2
#BREAKING,#Pakistan,2
#AyeshaSiddiqa,#LondonVarta,2
#AyeshaSiddiqa,#MakkahDefencePact,2
#SaudiArabia,#WorldNews,2
#Egypt,#MiddleEastSecurity,2
#Egypt,#PeaceTreaty,2
#Israel,#PeaceTreaty,2
#MakkahDefencePact,#PeaceTreaty,2
#MiddleEastSecurity,#PeaceTreaty,2
#EU,#USA,2
#Iran,#Iranian,2
#Iranian,#Pakistan,2
#Turkey,#TurkeyPakistan,2
#MeccaAgreement,#MeccaDefencePact,2
#MeccaAgreement,#Trump,2
#MeccaDefencePact,#Trump,2
#Mecca,#USA,2
#BreakingNews,#Turkiye,2
#MakkahPact,#Yemen,2
#MiddleEast,#WorldNews,2
#Pakistan,#WorldNews,2
#Cyprus,#Greece,2
#Cyprus,#India,2
#Cyprus,#Israel,2
#AyeshaSiddiqa,#MiddleEastSecurity,2
#AyeshaSiddiqa,#MuslimNATO,2
#AyeshaSiddiqa,#TurkeyPakistanSaudi,2
#Geopolitics,#LondonVarta,2
#Geopolitics,#MuslimNATO,2
#Geopolitics,#TurkeyPakistanSaudi,2
#LondonVarta,#MakkahDefencePact,2
#LondonVarta,#MiddleEastSecurity,2
#LondonVarta,#MuslimNATO,2
#IranWar,#SaudiArabia,2
#MiddleEastSecurity,#Turkey,2
#Defence,#Turkiye,2
#ForeignPolicy,#Geopolitics,2
#ForeignPolicy,#MiddleEast,2
#ForeignPolicy,#Pakistan,2
#ForeignPolicy,#SaudiArabia,2
#Au79Macro,#DefenseTech,2
#Au79Macro,#Inflation,2
#Au79Macro,#MacroRisk,2
#Au79Macro,#SupplyChain,2
#DefenseTech,#Geopolitics,2
#DefenseTech,#GlobalTrade,2
#BreakingNews,#Yemen,2
#BreakingNews,#Houthis,2
#BreakingNews,#MakkahPact,2
#Greece,#MakkahAgreement,1
#IranWar,#RedSea,1
#IranWar,#MakkahMutualDefenceAgreement,1
#Iran,#SouthAsia,1
#Iran,#RedSea,1
#Iran,#MakkahMutualDefenceAgreement,1
#India,#MakkahMutualDefenceAgreement,1
#India,#IranWar,1
#Houthis,#USA,1
#Houthis,#SouthAsia,1
#Houthis,#MakkahMutualDefenceAgreement,1
#Egypt,#USA,1
#Egypt,#Turkiye,1
#Egypt,#SouthAsia,1
#Egypt,#RedSea,1
#Egypt,#MakkahMutualDefenceAgreement,1
#Egypt,#IranWar,1
#MeccaAlliance,#MiddleEast,1
#Lavrov,#MiddleEast,1
#Lavrov,#MeccaAlliance,1
#EXCLUSIVE,#MiddleEast,1
#EXCLUSIVE,#MeccaAlliance,1
#Alliance,#MeccaPact,1
#Alliance,#Islam,1
#Alliance,#Geopolitics,1
#AbrahamAccords,#TheWorldCorrespondent,1
#AbrahamAccords,#MiddleEast,1
#AbrahamAccords,#Islam,1
#AbrahamAccords,#Geopolitics,1
#AbrahamAccords,#Alliance,1
#LINEマンガガチャ,#يوم_الجمعه,1
#UAE,#geopolitics,1
#MeccaDefenseAgreement,#geopolitics,1
#Geopolitics,#IranPakistan,1
#PakistanTurkiye,#RegionalSecurity,1
#PakistanTV,#PakistanTurkiye,1
#PakistanSaudiArabia,#PakistanTurkiye,1
#PakistanSaudiArabia,#PakistanTV,1
#MakkahPact,#PakistanTurkiye,1
#MakkahPact,#PakistanTV,1
#MiddleEast,#TheWorldCorrespondent,1
#Islam,#TheWorldCorrespondent,1
#Islam,#MiddleEast,1
#Islam,#MeccaPact,1
#Geopolitics,#TheWorldCorrespondent,1
#Geopolitics,#Islam,1
#Alliance,#TheWorldCorrespondent,1
#Alliance,#MiddleEast,1
#Breaking,#Iran,1
#IranPakistan,#MakkahAgreement,1
#IranPakistan,#IslamicNATO,1
#IranPakistan,#IranSaudiArabia,1
#Iran,#MakkahAgreement,1
#Iran,#IslamicNATO,1
#Iran,#IranSaudiArabia,1
#Iran,#IranPakistan,1
#GlobalPolitics,#Turkiye,1
#GlobalPolitics,#MakkahAgreement,1
#GlobalPolitics,#IslamicNATO,1
#GlobalPolitics,#IranSaudiArabia,1
#GlobalPolitics,#IranPakistan,1
#GlobalPolitics,#Iran,1
#Geopolitics,#MakkahAgreement,1
#Geopolitics,#IslamicNATO,1
#Geopolitics,#IranSaudiArabia,1
#MakkahAgreement,#SaudiArabia,1
#MakkahAgreement,#Pakistan,1
#MakkahAgreement,#MiddleEast,1
#IslamicNATO,#Turkiye,1
#IslamicNATO,#MiddleEast,1
#IslamicNATO,#MakkahAgreement,1
#IranSaudiArabia,#Turkiye,1
#IranSaudiArabia,#SaudiArabia,1
#IranSaudiArabia,#Pakistan,1
#IranSaudiArabia,#MiddleEast,1
#IranSaudiArabia,#MakkahAgreement,1
#IranSaudiArabia,#IslamicNATO,1
#IranPakistan,#Turkiye,1
#IranPakistan,#SaudiArabia,1
#IranPakistan,#Pakistan,1
#IranPakistan,#MiddleEast,1
#MeccaPact,#podcast,1
#MeccaPact,#pakistan,1
#MeccaPact,#jointpact,1
#MeccaPact,#azk,1
#ForeignPolicy,#MeccaPact,1
#BengaliIdentity,#MeccaPact,1
#BengaliIdentity,#Geopolitics,1
#BengaliIdentity,#ForeignPolicy,1
#Bangladesh,#BengaliIdentity,1
#IranWar‌,#Mecca_Defence_Pact,1
#IranWar,#Mecca_Defence_Pact,1
#Hormuz,#Mecca_Defence_Pact,1
#Hormuz,#IranWar‌,1
#Hormuz,#IranWar,1
#India,#Mecca,1
#MakkahAgreement,#Turkiye,1
#TheWorldCorrespondent,#Yemen,1
#SaudiArabia,#TheWorldCorrespondent,1
#MissileStrike,#Yemen,1
#MissileStrike,#TheWorldCorrespondent,1
#MissileStrike,#SaudiArabia,1
#MeccaPact,#MissileStrike,1
#KingKhalidAirBase,#Yemen,1
#KingKhalidAirBase,#TheWorldCorrespondent,1
#KingKhalidAirBase,#SaudiArabia,1
#KingKhalidAirBase,#MissileStrike,1
#KingKhalidAirBase,#MeccaPact,1
#Houthi,#Yemen,1
#azk,#pakistan,1
#azk,#jointpact,1
#MeccaPact,#turkiye,1
#MeccaPact,#saudiarabia,1
#Israel,#Netanyahu,1
#Geopolitics,#Netanyahu,1
#BRICS,#Netanyahu,1
#podcast,#turkiye,1
#podcast,#saudiarabia,1
#pakistan,#turkiye,1
#pakistan,#saudiarabia,1
#pakistan,#podcast,1
#jointpact,#turkiye,1
#jointpact,#saudiarabia,1
#jointpact,#podcast,1
#jointpact,#pakistan,1
#azk,#turkiye,1
#azk,#saudiarabia,1
#azk,#podcast,1
#EXCLUSIVE,#Lavrov,1
#GlobalDiplomacy,#JointDefencePact,1
#Geopolitics,#StrategicAlliance,1
#Geopolitics,#SouthAsiaSecurity,1
#Geopolitics,#SaudiTurkPakPact,1
#Geopolitics,#MilitaryCooperation,1
#Geopolitics,#MiddleEastDefense,1
#Geopolitics,#JointDefencePact,1
#Geopolitics,#GlobalDiplomacy,1
#DefenceAnalysis,#StrategicAlliance,1
#DefenceAnalysis,#SouthAsiaSecurity,1
#DefenceAnalysis,#SaudiTurkPakPact,1
#DefenceAnalysis,#MilitaryCooperation,1
#DefenceAnalysis,#MiddleEastDefense,1
#DefenceAnalysis,#JointDefencePact,1
#DefenceAnalysis,#GlobalDiplomacy,1
#DefenceAnalysis,#Geopolitics,1
#MilitaryCooperation,#SouthAsiaSecurity,1
#MilitaryCooperation,#SaudiTurkPakPact,1
#MiddleEastDefense,#StrategicAlliance,1
#MiddleEastDefense,#SouthAsiaSecurity,1
#MiddleEastDefense,#SaudiTurkPakPact,1
#MiddleEastDefense,#MilitaryCooperation,1
#JointDefencePact,#StrategicAlliance,1
#JointDefencePact,#SouthAsiaSecurity,1
#JointDefencePact,#SaudiTurkPakPact,1
#JointDefencePact,#MilitaryCooperation,1
#JointDefencePact,#MiddleEastDefense,1
#GlobalDiplomacy,#StrategicAlliance,1
#GlobalDiplomacy,#SouthAsiaSecurity,1
#GlobalDiplomacy,#SaudiTurkPakPact,1
#GlobalDiplomacy,#MilitaryCooperation,1
#GlobalDiplomacy,#MiddleEastDefense,1
#Pakistan,#Palestine,1
#Lebanon,#Yemen,1
#Lebanon,#Syria,1
#Lebanon,#Palestine,1
#Lebanon,#Pakistan,1
#Iraq,#Syria,1
#Iraq,#Palestine,1
#Iraq,#Pakistan,1
#Iraq,#Lebanon,1
#Iran,#Syria,1
#Iran,#Palestine,1
#Iran,#Lebanon,1
#SouthAsiaSecurity,#StrategicAlliance,1
#SaudiTurkPakPact,#StrategicAlliance,1
#SaudiTurkPakPact,#SouthAsiaSecurity,1
#MilitaryCooperation,#StrategicAlliance,1
#تركيا,#نجران,1
#باكستان,#نجران,1
#باكستان,#تركيا,1
#السعودية,#نجران,1
#السعودية,#تركيا,1
#السعودية,#باكستان,1
#اتفاقيه_مكه_للدفاع_المشترك,#نجران,1
#اتفاقيه_مكه_للدفاع_المشترك,#تركيا,1
#اتفاقيه_مكه_للدفاع_المشترك,#باكستان,1
#اتفاقيه_مكه_للدفاع_المشترك,#السعودية,1
#IranWar‌,#Turkey,1
#China,#Japan,1
#China,#Israel,1
#Syria,#Yemen,1
#Palestine,#Yemen,1
#Palestine,#Syria,1
#Japan,#MeccaPact,1
#Israel,#WestAsia,1
#Israel,#NewQua,1
#Israel,#Japan,1
#India,#NewQua,1
#India,#Japan,1
#Geopolitics,#NewQua,1
#Geopolitics,#Japan,1
#China,#WestAsia,1
#China,#UAE,1
#China,#Turkey,1
#China,#NewQua,1
#Houthi,#TheWorldCorrespondent,1
#Houthi,#MissileStrike,1
#Houthi,#MeccaPact,1
#Houthi,#KingKhalidAirBase,1
#KSA,#War,1
#Iran,#maritime,1
#Iran,#War,1
#Iran,#KSA,1
#Hormuz,#maritime,1
#Hormuz,#War,1
#Hormuz,#Makkah,1
#Hormuz,#KSA,1
#Qatar,#Russia,1
#NewQua,#Pakistan,1
#MeccaPact,#NewQua,1
#Japan,#WestAsia,1
#Japan,#UAE,1
#Japan,#Turkey,1
#Japan,#Pakistan,1
#Japan,#NewQua,1
#BRICS,#MeccaPact,1
#BRICS,#IranWar,1
#BRICS,#Dedollarization,1
#BRICS,#DebtCrisis,1
#IranWar‌,#Meccaagreement,1
#IranWar,#Meccaagreement,1
#Iranwar,#MeccaDefensePact,1
#MeccaPact,#Turkiye,1
#UAE,#WestAsia,1
#NewQua,#WestAsia,1
#NewQua,#UAE,1
#NewQua,#Turkey,1
#War,#maritime,1
#Makkah,#maritime,1
#Makkah,#War,1
#KSA,#maritime,1
#Houthis,#PakistanArmy,1
#Dedollarization,#USA,1
#Dedollarization,#Turkey,1
#Dedollarization,#MeccaPact,1
#Dedollarization,#Israel,1
#Dedollarization,#IranWar,1
#Dedollarization,#Geopolitics,1
#DebtCrisis,#USA,1
#DebtCrisis,#Turkey,1
#DebtCrisis,#MeccaPact,1
#DebtCrisis,#Israel,1
#DebtCrisis,#IranWar,1
#DebtCrisis,#Geopolitics,1
#DebtCrisis,#Dedollarization,1
#BRICS,#USA,1
#BRICS,#Turkey,1
#Express247,#PakistanForeignPolicy,1
#Express247,#MakkahDefencePact,1
#Pakistan,#StrategicAutonomy,1
#MiddleEast,#StrategicAutonomy,1
#Iran,#Russia,1
#Iran,#Qatar,1
#Egypt,#Russia,1
#Egypt,#Qatar,1
#PakistanArmy,#StrategicAffairs,1
#PakistanArmy,#Security,1
#PakistanArmy,#SaudiArabia,1
#MiddleEast,#PakistanArmy,1
#MeccaDefencePact,#PakistanArmy,1
#Iran,#StrategicAffairs,1
#Iran,#Security,1
#Iran,#MeccaDefencePact,1
#SaudiArabia,#TheCOWNews,1
#RegionalSecurity,#TheCOWNews,1
#Iran,#TheCOWNews,1
#Iran,#RegionalSecurity,1
#SaudiArabia,#SunniNATO,1
#Iran,#SunniNATO,1
#DNAWithRahulSinha,#SunniNATO,1
#DNAWithRahulSinha,#SaudiArabia,1
#DNAWithRahulSinha,#Iran,1
#DNA,#SunniNATO,1
#DNA,#SaudiArabia,1
#DNA,#Iran,1
#DNA,#DNAWithRahulSinha,1
#Express247,#PakistanTurkey,1
#Express247,#PakistanMilitary,1
#Express247,#PakistanGeopolitics,1
#Pakistan,#PakistanGeopolitics,1
#Pakistan,#PakistanForeignPolicy,1
#MakkahPact,#PakistanTurkey,1
#MakkahPact,#PakistanMilitary,1
#MakkahPact,#PakistanGeopolitics,1
#MakkahPact,#PakistanForeignPolicy,1
#MakkahDefencePact,#Turkey,1
#MakkahDefencePact,#RegionalSecurity,1
#MakkahDefencePact,#PakistanMilitary,1
#MakkahDefencePact,#PakistanGeopolitics,1
#MakkahDefencePact,#PakistanForeignPolicy,1
#Geopolitics,#PakistanTurkey,1
#Geopolitics,#PakistanMilitary,1
#Geopolitics,#PakistanGeopolitics,1
#Geopolitics,#PakistanForeignPolicy,1
#Geopolitics,#PakistanArmy,1
#PakistanMilitary,#PakistanSaudiArabia,1
#PakistanGeopolitics,#Turkey,1
#PakistanGeopolitics,#SaudiArabia,1
#PakistanGeopolitics,#RegionalSecurity,1
#PakistanGeopolitics,#PakistanTurkey,1
#PakistanGeopolitics,#PakistanSaudiArabia,1
#PakistanGeopolitics,#PakistanMilitary,1
#PakistanForeignPolicy,#Turkey,1
#PakistanForeignPolicy,#SaudiArabia,1
#PakistanForeignPolicy,#RegionalSecurity,1
#PakistanForeignPolicy,#PakistanTurkey,1
#PakistanForeignPolicy,#PakistanSaudiArabia,1
#PakistanForeignPolicy,#PakistanMilitary,1
#PakistanForeignPolicy,#PakistanGeopolitics,1
#Pakistan,#PakistanTurkey,1
#Pakistan,#PakistanMilitary,1
#PoJK,#leadswithresolvecdf,1
#PoJK,#balochistanliteracyimproved,1
#BiggBossTamil10,#sarfrazbugtieducationreforms,1
#BiggBossTamil10,#leadswithresolvecdf,1
#BiggBossTamil10,#balochistanliteracyimproved,1
#BiggBossTamil10,#PoJK,1
#sarfrazbugtieducationreforms,#strengthofnationcd,1
#balochistanliteracyimproved,#strengthofnationcd,1
#Bangladesh,#MuslimWorld,1
#PakistanTurkey,#Turkey,1
#PakistanTurkey,#SaudiArabia,1
#PakistanTurkey,#RegionalSecurity,1
#PakistanMilitary,#Turkey,1
#PakistanMilitary,#SaudiArabia,1
#PakistanMilitary,#RegionalSecurity,1
#PakistanMilitary,#PakistanTurkey,1
#AbuAlDuhur,#AbuDhabi,1
#SouthAsia,#Türkiye,1
#MuslimWorld,#Türkiye,1
#MuslimWorld,#SouthAsia,1
#MuslimWorld,#SaudiArabia,1
#MuslimWorld,#Pakistan,1
#MeccaPact,#SouthAsia,1
#MeccaPact,#MuslimWorld,1
#Geopolitics,#MuslimWorld,1
#Defence,#SouthAsia,1
#Defence,#MuslimWorld,1
#Houthis,#IranWar‌,1
#houthiattack,#saudi,1
#leadswithresolvecdf,#sarfrazbugtieducationreforms,1
#balochistanliteracyimproved,#leadswithresolvecdf,1
#PoJK,#sarfrazbugtieducationreforms,1
#StrategicAffairs,#strengthofnationcd,1
#StrategicAffairs,#sarfrazbugtieducationreforms,1
#StrategicAffairs,#balochistanliteracyimproved,1
#StrategicAffairs,#Yemen,1
#StrategicAffairs,#Turkiye,1
#AbuAlDuhur,#UAE,1
#AbuAlDuhur,#Turkey,1
#AbuAlDuhur,#Syria,1
#AbuAlDuhur,#SaudiArabia,1
#AbuAlDuhur,#RegionalSecurity,1
#AbuAlDuhur,#Pakistan,1
#AbuAlDuhur,#MiddleEast,1
#AbuAlDuhur,#MeccaAgreement,1
#AbuAlDuhur,#Israel,1
#AbuAlDuhur,#Erdogan,1
#AbuAlDuhur,#DarkBox,1
#SaudiPakistan,#Yemen,1
#SaudiPakistan,#Turkiye,1
#SaudiPakistan,#StrategicAffairs,1
#SaudiPakistan,#Security,1
#DarkBox,#Erdogan,1
#AbuDhabi,#Syria,1
#AbuDhabi,#Erdogan,1
#Yemen,#strengthofnationcd,1
#Yemen,#sarfrazbugtieducationreforms,1
#Yemen,#balochistanliteracyimproved,1
#Turkiye,#strengthofnationcd,1
#Turkiye,#sarfrazbugtieducationreforms,1
#Turkiye,#balochistanliteracyimproved,1
#Turkey,#strengthofnationcd,1
#Turkey,#sarfrazbugtieducationreforms,1
#Turkey,#balochistanliteracyimproved,1
#RedSea,#SaudiPakistan,1
#Erdogan,#UAE,1
#Erdogan,#Syria,1
#Erdogan,#MeccaAgreement,1
#Erdogan,#Israel,1
#DarkBox,#Syria,1
#StrategicAffairs,#Turkey,1
#Security,#strengthofnationcd,1
#Security,#sarfrazbugtieducationreforms,1
#Security,#balochistanliteracyimproved,1
#Security,#Yemen,1
#Security,#Turkiye,1
#Security,#Turkey,1
#SaudiPakistan,#strengthofnationcd,1
#SaudiPakistan,#sarfrazbugtieducationreforms,1
#SaudiPakistan,#balochistanliteracyimproved,1
#BDMilitary,#Geopolitics,1
#BDMilitary,#Defence,1
#BDMilitary,#China,1
#BDMilitary,#Bangladesh,1
#Syria,#UAE,1
#RegionalSecurity,#Syria,1
#SaudiArabia,#strengthofnationcd,1
#SaudiArabia,#sarfrazbugtieducationreforms,1
#SaudiArabia,#balochistanliteracyimproved,1
#RedSea,#strengthofnationcd,1
#RedSea,#sarfrazbugtieducationreforms,1
#RedSea,#balochistanliteracyimproved,1
#RedSea,#Yemen,1
#RedSea,#Turkey,1
#RedSea,#StrategicAffairs,1
#RedSea,#Security,1
#MiddleEast,#balochistanliteracyimproved,1
#MeccaDefencePact,#strengthofnationcd,1
#MeccaDefencePact,#sarfrazbugtieducationreforms,1
#Syria,#War,1
#MiddleEast,#War,1
#Israel,#War,1
#India,#Türkiye,1
#China,#Türkiye,1
#China,#SaudiArabia,1
#China,#Defence,1
#Bangladesh,#China,1
#BDMilitary,#Türkiye,1
#BDMilitary,#SaudiArabia,1
#BDMilitary,#Pakistan,1
#BDMilitary,#MeccaPact,1
#BDMilitary,#India,1
#MEA,#RegionalSecurity,1
#MEA,#MakkahPact,1
#India,#MEA,1
#Diplomacy,#RegionalSecurity,1
#Diplomacy,#MEA,1
#Defense,#RegionalSecurity,1
#Defense,#MEA,1
#Bangladesh,#RegionalSecurity,1
#Bangladesh,#MEA,1
#Faultlines,#LIVE,1
#Turkey,#War,1
#Pakistan,#strengthofnationcd,1
#Pakistan,#sarfrazbugtieducationreforms,1
#Pakistan,#balochistanliteracyimproved,1
#MiddleEast,#strengthofnationcd,1
#MiddleEast,#sarfrazbugtieducationreforms,1
#MeccaDefencePact,#Yemen,1
#MeccaDefencePact,#SaudiPakistan,1
#MeccaDefencePact,#RedSea,1
#India,#strengthofnationcd,1
#India,#sarfrazbugtieducationreforms,1
#India,#balochistanliteracyimproved,1
#India,#Yemen,1
#MakkahPact,#Military,1
#India,#Military,1
#Diplomacy,#Turkiye,1
#Diplomacy,#SaudiArabia,1
#Diplomacy,#Military,1
#Defense,#Turkiye,1
#Defense,#Pakistan,1
#Defense,#Military,1
#Bangladesh,#Military,1
#KingRezaPahlavi,#KingRezaPahlavi‌ForIran,1
#MakkahAccord,#Turkiye,1
#MakkahAccord,#SaudiArabia,1
#MakkahAccord,#Pakistan,1
#DiscoverPakistan,#Turkiye,1
#DiscoverPakistan,#SaudiArabia,1
#DiscoverPakistan,#Pakistan,1
#DiscoverPakistan,#MakkahAccord,1
#meccadefensepact,#türkiye,1
#bangladesh,#türkiye,1
#bangladesh,#meccadefensepact,1
#8216,#8217,1
#Military,#Turkiye,1
#Military,#SaudiArabia,1
#Military,#Pakistan,1
#MeccaDefencePact,#balochistanliteracyimproved,1
#Accountability,#CollectiveDefense,1
#Accountability,#Article5,1
#MilitaryPower,#Türkiye,1
#MilitaryPower,#SaudiArabia,1
#MilitaryPower,#Pakistan,1
#MeccaPact,#MilitaryPower,1
#Caliber,#MilitaryPower,1
#Ankara,#Netanyahu,1
#defence,#pact,1
#Makkah,#pact,1
#Makkah,#defence,1
#MeccaPact,#sallandık,1
#KingRezaPahlavi‌ForIran,#sallandık,1
#KingRezaPahlavi‌ForIran,#MeccaPact,1
#KingRezaPahlavi,#sallandık,1
#KingRezaPahlavi,#MeccaPact,1
#Article5,#DefensePact,1
#Article5,#CollectiveDefense,1
#Accountability,#Turkey,1
#Accountability,#Syria,1
#Accountability,#SaudiArabia,1
#Accountability,#RegionalAlliance,1
#Accountability,#Pakistan,1
#Accountability,#NewMiddleEast,1
#Accountability,#MiddleEastSecurity,1
#Accountability,#MeccaAgreement,1
#Accountability,#Israel,1
#Accountability,#IranWar,1
#Accountability,#GlobalSouth,1
#Accountability,#Geopolitics,1
#Accountability,#EmptyPromise,1
#Accountability,#DefensePact,1
#India,#Security,1
#Houthis,#strengthofnationcd,1
#Houthis,#sarfrazbugtieducationreforms,1
#Houthis,#balochistanliteracyimproved,1
#Houthis,#SaudiPakistan,1
#Article5,#SaudiArabia,1
#Article5,#RegionalAlliance,1
#Article5,#Pakistan,1
#Article5,#NewMiddleEast,1
#Article5,#MiddleEastSecurity,1
#Article5,#MeccaAgreement,1
#Article5,#Israel,1
#Article5,#IranWar,1
#Article5,#GlobalSouth,1
#Article5,#Geopolitics,1
#Article5,#EmptyPromise,1
#DefensePact,#MeccaAgreement,1
#DefensePact,#Israel,1
#DefensePact,#IranWar,1
#DefensePact,#GlobalSouth,1
#DefensePact,#EmptyPromise,1
#CollectiveDefense,#Syria,1
#CollectiveDefense,#RegionalAlliance,1
#CollectiveDefense,#NewMiddleEast,1
#CollectiveDefense,#IranWar,1
#CollectiveDefense,#GlobalSouth,1
#CollectiveDefense,#Geopolitics,1
#CollectiveDefense,#EmptyPromise,1
#CollectiveDefense,#DefensePact,1
#Article5,#Turkey,1
#Article5,#Syria,1
#India,#StrategicAffairs,1
#EmptyPromise,#Turkey,1
#EmptyPromise,#Syria,1
#EmptyPromise,#SaudiArabia,1
#EmptyPromise,#RegionalAlliance,1
#EmptyPromise,#Pakistan,1
#EmptyPromise,#NewMiddleEast,1
#EmptyPromise,#MiddleEastSecurity,1
#EmptyPromise,#MeccaAgreement,1
#EmptyPromise,#Israel,1
#EmptyPromise,#IranWar,1
#EmptyPromise,#GlobalSouth,1
#EmptyPromise,#Geopolitics,1
#DefensePact,#Syria,1
#DefensePact,#RegionalAlliance,1
#DefensePact,#NewMiddleEast,1
#DefensePact,#MiddleEastSecurity,1
#Geopolitics,#sarfrazbugtieducationreforms,1
#Geopolitics,#balochistanliteracyimproved,1
#Geopolitics,#RedSea,1
#ForeignPolicy,#strengthofnationcd,1
#ForeignPolicy,#sarfrazbugtieducationreforms,1
#ForeignPolicy,#balochistanliteracyimproved,1
#ForeignPolicy,#Yemen,1
#ForeignPolicy,#Turkiye,1
#ForeignPolicy,#Turkey,1
#GlobalSouth,#MeccaAgreement,1
#GlobalSouth,#Israel,1
#GlobalSouth,#IranWar,1
#Geopolitics,#Syria,1
#Geopolitics,#RegionalAlliance,1
#Geopolitics,#NewMiddleEast,1
#Geopolitics,#GlobalSouth,1
#MeccaAgreement,#MiddleEastSecurity,1
#Israel,#RegionalAlliance,1
#Israel,#NewMiddleEast,1
#IranWar,#Syria,1
#IranWar,#RegionalAlliance,1
#IranWar,#NewMiddleEast,1
#IranWar,#MiddleEastSecurity,1
#IranWar,#MeccaAgreement,1
#GlobalSouth,#Turkey,1
#GlobalSouth,#Syria,1
#GlobalSouth,#SaudiArabia,1
#GlobalSouth,#RegionalAlliance,1
#GlobalSouth,#Pakistan,1
#GlobalSouth,#NewMiddleEast,1
#GlobalSouth,#MiddleEastSecurity,1
#Geopolitics,#strengthofnationcd,1
#AerospaceThreat,#OperationSindoor,1
#AerospaceThreat,#IndiaDefence,1
#RegionalAlliance,#Turkey,1
#RegionalAlliance,#Syria,1
#RegionalAlliance,#SaudiArabia,1
#Pakistan,#RegionalAlliance,1
#NewMiddleEast,#Turkey,1
#NewMiddleEast,#Syria,1
#NewMiddleEast,#SaudiArabia,1
#NewMiddleEast,#RegionalAlliance,1
#NewMiddleEast,#Pakistan,1
#MiddleEastSecurity,#Syria,1
#MiddleEastSecurity,#RegionalAlliance,1
#MiddleEastSecurity,#NewMiddleEast,1
#MeccaAgreement,#RegionalAlliance,1
#MeccaAgreement,#NewMiddleEast,1
#Interpreter,#india,1
#Interpreter,#Mecca,1
#Escalation,#westasia,1
#Escalation,#pak,1
#Escalation,#opsindoor,1
#Escalation,#india,1
#Escalation,#Mecca,1
#Escalation,#Interpreter,1
#StealthDrones,#TurkeyPakistan,1
#OperationSindoor,#TurkeyPakistan,1
#OperationSindoor,#StealthDrones,1
#IndiaDefence,#TurkeyPakistan,1
#IndiaDefence,#StealthDrones,1
#IndiaDefence,#OperationSindoor,1
#AerospaceThreat,#TurkeyPakistan,1
#AerospaceThreat,#StealthDrones,1
#Defence,#strengthofnationcd,1
#Defence,#sarfrazbugtieducationreforms,1
#Defence,#balochistanliteracyimproved,1
#Defence,#Yemen,1
#opsindoor,#westasia,1
#opsindoor,#pak,1
#india,#westasia,1
#india,#pak,1
#india,#opsindoor,1
#Mecca,#westasia,1
#Mecca,#pak,1
#Mecca,#opsindoor,1
#Mecca,#india,1
#Interpreter,#westasia,1
#Interpreter,#pak,1
#Interpreter,#opsindoor,1
#Commodities,#MacroRisk,1
#Commodities,#Inflation,1
#Commodities,#GlobalTrade,1
#Commodities,#Geopolitics,1
#Commodities,#DefenseTech,1
#Au79Macro,#StrategicIntelligence,1
#Au79Macro,#MaritimeSecurity,1
#Au79Macro,#Commodities,1
#pak,#westasia,1
#ForeignPolicy,#StrategicAffairs,1
#ForeignPolicy,#Security,1
#ForeignPolicy,#SaudiPakistan,1
#ForeignPolicy,#RedSea,1
#ForeignPolicy,#MeccaDefencePact,1
#ForeignPolicy,#India,1
#ForeignPolicy,#Houthis,1
#Defence,#MiddleEast,1
#Defence,#MeccaDefencePact,1
#Defence,#Houthis,1
#Defence,#ForeignPolicy,1
#Bangladesh,#strengthofnationcd,1
#Bangladesh,#sarfrazbugtieducationreforms,1
#Bangladesh,#balochistanliteracyimproved,1
#Geopolitics,#MaritimeSecurity,1
#DefenseTech,#SupplyChain,1
#DefenseTech,#StrategicIntelligence,1
#DefenseTech,#MaritimeSecurity,1
#DefenseTech,#MacroRisk,1
#Commodities,#SupplyChain,1
#Commodities,#StrategicIntelligence,1
#Commodities,#SpatialRisk,1
#Commodities,#MaritimeSecurity,1
#Bangladesh,#Security,1
#Bangladesh,#SaudiPakistan,1
#Bangladesh,#RedSea,1
#Bangladesh,#MiddleEast,1
#Bangladesh,#MeccaDefencePact,1
#Bangladesh,#Houthis,1
#MacroRisk,#MaritimeSecurity,1
#Inflation,#SupplyChain,1
#Inflation,#StrategicIntelligence,1
#Inflation,#MaritimeSecurity,1
#Inflation,#MacroRisk,1
#GlobalTrade,#StrategicIntelligence,1
#GlobalTrade,#MaritimeSecurity,1
#Geopolitics,#StrategicIntelligence,1
#Defence,#SaudiPakistan,1
#Defence,#RedSea,1
#Au79Macro,#SovereignWealth,1
#Au79Macro,#SmartMoney,1
#Au79Macro,#Russell2000,1
#Au79Macro,#Liquidity,1
#Au79Macro,#FixedIncome,1
#Au79Macro,#FiscalDominance,1
#Au79Macro,#CapitalAllocation,1
#StrategicIntelligence,#SupplyChain,1
#SpatialRisk,#StrategicIntelligence,1
#MaritimeSecurity,#SupplyChain,1
#MaritimeSecurity,#StrategicIntelligence,1
#MaritimeSecurity,#SpatialRisk,1
#MacroRisk,#StrategicIntelligence,1
#Bangladesh,#Yemen,1
#Bangladesh,#Turkey,1
#Bangladesh,#StrategicAffairs,1
#FiscalDominance,#SmartMoney,1
#FiscalDominance,#Russell2000,1
#FiscalDominance,#Macroeconomics,1
#FiscalDominance,#Liquidity,1
#FiscalDominance,#FixedIncome,1
#CapitalAllocation,#YieldCurveControl,1
#CapitalAllocation,#WealthPreservation,1
#CapitalAllocation,#SovereignWealth,1
#CapitalAllocation,#SmartMoney,1
#CapitalAllocation,#Russell2000,1
#CapitalAllocation,#Macroeconomics,1
#CapitalAllocation,#Liquidity,1
#CapitalAllocation,#FixedIncome,1
#CapitalAllocation,#FiscalDominance,1
#Au79Macro,#YieldCurveControl,1
#Au79Macro,#WealthPreservation,1
#Liquidity,#YieldCurveControl,1
#Liquidity,#WealthPreservation,1
#Liquidity,#SovereignWealth,1
#Liquidity,#SmartMoney,1
#Liquidity,#Russell2000,1
#Liquidity,#Macroeconomics,1
#FixedIncome,#YieldCurveControl,1
#FixedIncome,#WealthPreservation,1
#FixedIncome,#SovereignWealth,1
#FixedIncome,#SmartMoney,1
#FixedIncome,#Russell2000,1
#FixedIncome,#Macroeconomics,1
#FixedIncome,#Liquidity,1
#FiscalDominance,#YieldCurveControl,1
#FiscalDominance,#WealthPreservation,1
#FiscalDominance,#SovereignWealth,1
#Asiaone,#MakkahPact,1
#WealthPreservation,#YieldCurveControl,1
#SovereignWealth,#YieldCurveControl,1
#SovereignWealth,#WealthPreservation,1
#SmartMoney,#YieldCurveControl,1
#SmartMoney,#WealthPreservation,1
#SmartMoney,#SovereignWealth,1
#Russell2000,#YieldCurveControl,1
#Russell2000,#WealthPreservation,1
#Russell2000,#SovereignWealth,1
#Russell2000,#SmartMoney,1
#Macroeconomics,#YieldCurveControl,1
#Macroeconomics,#WealthPreservation,1
#Macroeconomics,#SovereignWealth,1
#Macroeconomics,#SmartMoney,1
#Macroeconomics,#Russell2000,1
#Alquds,#Ankara,1
#Modi,#iVerifyPakistan,1
#MakkahPact,#iVerifyPakistan,1
#MakkahPact,#Modi,1
#Pakistan,#Türkeye,1
#Makkah,#Türkeye,1
#Makkah,#Pakistan,1
#KSA,#Türkeye,1
#Egypt,#Türkeye,1
#Egypt,#Makkah,1
#Egypt,#KSA,1
#Bangladesh,#Türkeye,1
#Bangladesh,#Makkah,1
#Bangladesh,#KSA,1
#Bangladesh,#Egypt,1
#Asiaonenews,#MakkahPact,1
#Alquds,#Pakistan,1
#Alquds,#NATO,1
#Alquds,#MuslimNato,1
#Alquds,#Muslim,1
#Alquds,#Meccapact,1
#Alquds,#Jerusalem,1
#Alquds,#Israil,1
#Alquds,#Islamophobia,1
#Alquds,#IslamicNato,1
#Alquds,#Islamabad,1
#Alquds,#Islam,1
#Alquds,#Iran,1
#Alquds,#Gluf,1
#Alquds,#Gaza,1
#Alquds,#Defencepact,1
#Alquds,#Arab,1
#Ankara,#Islamabad,1
#Ankara,#Islam,1
#Ankara,#Iran,1
#Ankara,#Gluf,1
#Ankara,#Gaza,1
#Ankara,#Defencepact,1
#Ankara,#Arab,1
#Alquds,#turkeypact,1
#Alquds,#Zionist,1
#Alquds,#Ummah,1
#Alquds,#Turkey,1
#Alquds,#Saudipact,1
#Alquds,#Saudi,1
#Alquds,#Riyadh,1
#Alquds,#Palastine,1
#Alquds,#Pakistanpact,1
#Ankara,#Zionist,1
#Ankara,#Ummah,1
#Ankara,#Turkey,1
#Ankara,#Saudipact,1
#Ankara,#Saudi,1
#Ankara,#Riyadh,1
#Ankara,#Palastine,1
#Ankara,#Pakistanpact,1
#Ankara,#NATO,1
#Ankara,#MuslimNato,1
#Ankara,#Muslim,1
#Ankara,#Meccapact,1
#Ankara,#Jerusalem,1
#Ankara,#Israil,1
#Ankara,#Islamophobia,1
#Ankara,#IslamicNato,1
#Arab,#Pakistan,1
#Arab,#NATO,1
#Arab,#MuslimNato,1
#Arab,#Muslim,1
#Arab,#Meccapact,1
#Arab,#Jerusalem,1
#Arab,#Israil,1
#Arab,#Islamophobia,1
#Arab,#IslamicNato,1
#Arab,#Islamabad,1
#Arab,#Islam,1
#Arab,#Iran,1
#Arab,#Gluf,1
#Arab,#Gaza,1
#Arab,#Defencepact,1
#Ankara,#turkeypact,1
#Defencepact,#Islamophobia,1
#Defencepact,#IslamicNato,1
#Defencepact,#Islamabad,1
#Defencepact,#Islam,1
#Defencepact,#Iran,1
#Defencepact,#Gluf,1
#Defencepact,#Gaza,1
#Arab,#turkeypact,1
#Arab,#Zionist,1
#Arab,#Ummah,1
#Arab,#Turkey,1
#Arab,#Saudipact,1
#Arab,#Saudi,1
#Arab,#Riyadh,1
#Arab,#Palastine,1
#Arab,#Pakistanpact,1
#Defencepact,#turkeypact,1
#Defencepact,#Zionist,1
#Defencepact,#Ummah,1
#Defencepact,#Turkey,1
#Defencepact,#Saudipact,1
#Defencepact,#Saudi,1
#Defencepact,#Riyadh,1
#Defencepact,#Palastine,1
#Defencepact,#Pakistanpact,1
#Defencepact,#Pakistan,1
#Defencepact,#NATO,1
#Defencepact,#MuslimNato,1
#Defencepact,#Muslim,1
#Defencepact,#Meccapact,1
#Defencepact,#Jerusalem,1
#Defencepact,#Israil,1
#Gaza,#Saudi,1
#Gaza,#Riyadh,1
#Gaza,#Palastine,1
#Gaza,#Pakistanpact,1
#Gaza,#NATO,1
#Gaza,#MuslimNato,1
#Gaza,#Muslim,1
#Gaza,#Meccapact,1
#Gaza,#Jerusalem,1
#Gaza,#Israil,1
#Gaza,#Islamophobia,1
#Gaza,#IslamicNato,1
#Gaza,#Islamabad,1
#Gaza,#Islam,1
#Gaza,#Iran,1
#Gaza,#Gluf,1
#Gluf,#NATO,1
#Gluf,#MuslimNato,1
#Gluf,#Muslim,1
#Gluf,#Meccapact,1
#Gluf,#Jerusalem,1
#Gluf,#Israil,1
#Gluf,#Islamophobia,1
#Gluf,#IslamicNato,1
#Gluf,#Islamabad,1
#Gluf,#Islam,1
#Gluf,#Iran,1
#Gaza,#turkeypact,1
#Gaza,#Zionist,1
#Gaza,#Ummah,1
#Gaza,#Turkey,1
#Gaza,#Saudipact,1
#Iran,#Meccapact,1
#Iran,#Jerusalem,1
#Iran,#Israil,1
#Iran,#Islamophobia,1
#Iran,#Islamabad,1
#Iran,#Islam,1
#Gluf,#turkeypact,1
#Gluf,#Zionist,1
#Gluf,#Ummah,1
#Gluf,#Turkey,1
#Gluf,#Saudipact,1
#Gluf,#Saudi,1
#Gluf,#Riyadh,1
#Gluf,#Palastine,1
#Gluf,#Pakistanpact,1
#Gluf,#Pakistan,1
#Islam,#Muslim,1
#Islam,#Meccapact,1
#Islam,#Jerusalem,1
#Islam,#Israil,1
#Islam,#Islamophobia,1
#Islam,#IslamicNato,1
#Islam,#Islamabad,1
#Iran,#turkeypact,1
#Iran,#Zionist,1
#Iran,#Ummah,1
#Iran,#Saudipact,1
#Iran,#Riyadh,1
#Iran,#Palastine,1
#Iran,#Pakistanpact,1
#Iran,#MuslimNato,1
#Iran,#Muslim,1
#Islamabad,#Jerusalem,1
#Islamabad,#Israil,1
#Islamabad,#Islamophobia,1
#Islamabad,#IslamicNato,1
#Islam,#turkeypact,1
#Islam,#Zionist,1
#Islam,#Ummah,1
#Islam,#Turkey,1
#Islam,#Saudipact,1
#Islam,#Saudi,1
#Islam,#Riyadh,1
#Islam,#Palastine,1
#Islam,#Pakistanpact,1
#Islam,#Pakistan,1
#Islam,#NATO,1
#Islam,#MuslimNato,1
#IslamicNato,#Israil,1
#IslamicNato,#Islamophobia,1
#Islamabad,#turkeypact,1
#Islamabad,#Zionist,1
#Islamabad,#Ummah,1
#Islamabad,#Turkey,1
#Islamabad,#Saudipact,1
#Islamabad,#Saudi,1
#Islamabad,#Riyadh,1
#Islamabad,#Palastine,1
#Islamabad,#Pakistanpact,1
#Islamabad,#Pakistan,1
#Islamabad,#NATO,1
#Islamabad,#MuslimNato,1
#Islamabad,#Muslim,1
#Islamabad,#Meccapact,1
#MakkahDefenceAlliance,#Pakistan,1
#Houthi,#MakkahDefenceAlliance,1
#WhatAreTheyDoing,#Yemen,1
#SaudiArabia,#WhatAreTheyDoing,1
#PakistaniTroops,#Yemen,1
#PakistaniTroops,#WhatAreTheyDoing,1
#PakistaniTroops,#SaudiArabia,1
#MiddleEast,#WhatAreTheyDoing,1
#MiddleEast,#PakistaniTroops,1
#MakkahPact,#WhatAreTheyDoing,1
#MakkahPact,#PakistaniTroops,1
#MBS,#Yemen,1
#MBS,#WhatAreTheyDoing,1
#IslamicNato,#Muslim,1
#IslamicNato,#Meccapact,1
#IslamicNato,#Jerusalem,1
#Islamophobia,#Muslim,1
#Islamophobia,#Meccapact,1
#Islamophobia,#Jerusalem,1
#Islamophobia,#Israil,1
#IslamicNato,#turkeypact,1
#IslamicNato,#Zionist,1
#IslamicNato,#Ummah,1
#IslamicNato,#Turkey,1
#IslamicNato,#Saudipact,1
#IslamicNato,#Saudi,1
#IslamicNato,#Riyadh,1
#IslamicNato,#Palastine,1
#IslamicNato,#Pakistanpact,1
#IslamicNato,#NATO,1
#IslamicNato,#MuslimNato,1
#MakkahDefenceAlliance,#SaudiArabia,1
#Israil,#MuslimNato,1
#Israil,#Muslim,1
#Israil,#Meccapact,1
#Israil,#Jerusalem,1
#Islamophobia,#turkeypact,1
#Islamophobia,#Zionist,1
#Islamophobia,#Ummah,1
#Islamophobia,#Turkey,1
#Islamophobia,#Saudipact,1
#Islamophobia,#Saudi,1
#Islamophobia,#Riyadh,1
#Islamophobia,#Palastine,1
#Islamophobia,#Pakistanpact,1
#Islamophobia,#Pakistan,1
#Islamophobia,#NATO,1
#Islamophobia,#MuslimNato,1
#Jerusalem,#Pakistan,1
#Jerusalem,#NATO,1
#Jerusalem,#MuslimNato,1
#Jerusalem,#Muslim,1
#Jerusalem,#Meccapact,1
#Israil,#turkeypact,1
#Israil,#Zionist,1
#Israil,#Ummah,1
#Israil,#Turkey,1
#Israil,#Saudipact,1
#Israil,#Saudi,1
#Israil,#Riyadh,1
#Israil,#Palastine,1
#Israil,#Pakistanpact,1
#Israil,#Pakistan,1
#Israil,#NATO,1
#Meccapact,#Saudipact,1
#Meccapact,#Riyadh,1
#Meccapact,#Palastine,1
#Meccapact,#Pakistanpact,1
#Meccapact,#NATO,1
#Meccapact,#MuslimNato,1
#Meccapact,#Muslim,1
#Jerusalem,#turkeypact,1
#Jerusalem,#Zionist,1
#Jerusalem,#Ummah,1
#Jerusalem,#Turkey,1
#Jerusalem,#Saudipact,1
#Jerusalem,#Saudi,1
#Jerusalem,#Riyadh,1
#Jerusalem,#Palastine,1
#Jerusalem,#Pakistanpact,1
#Muslim,#turkeypact,1
#Muslim,#Zionist,1
#Muslim,#Ummah,1
#Muslim,#Turkey,1
#Muslim,#Saudipact,1
#Muslim,#Saudi,1
#Muslim,#Riyadh,1
#Muslim,#Palastine,1
#Muslim,#Pakistanpact,1
#Muslim,#Pakistan,1
#Muslim,#NATO,1
#Muslim,#MuslimNato,1
#Meccapact,#turkeypact,1
#Meccapact,#Zionist,1
#Meccapact,#Ummah,1
#Meccapact,#Turkey,1
#NATO,#Saudipact,1
#NATO,#Saudi,1
#NATO,#Riyadh,1
#NATO,#Palastine,1
#NATO,#Pakistanpact,1
#MuslimNato,#turkeypact,1
#MuslimNato,#Zionist,1
#MuslimNato,#Ummah,1
#MuslimNato,#Turkey,1
#MuslimNato,#Saudipact,1
#MuslimNato,#Saudi,1
#MuslimNato,#Riyadh,1
#MuslimNato,#Palastine,1
#MuslimNato,#Pakistanpact,1
#MuslimNato,#Pakistan,1
#MuslimNato,#NATO,1
#Pakistanpact,#Zionist,1
#Pakistanpact,#Ummah,1
#Pakistanpact,#Turkey,1
#Pakistanpact,#Saudipact,1
#Pakistanpact,#Saudi,1
#Pakistanpact,#Riyadh,1
#Pakistanpact,#Palastine,1
#Pakistan,#turkeypact,1
#Pakistan,#Zionist,1
#Pakistan,#Ummah,1
#Pakistan,#Saudipact,1
#Pakistan,#Palastine,1
#Pakistan,#Pakistanpact,1
#NATO,#turkeypact,1
#NATO,#Zionist,1
#NATO,#Ummah,1
#Saudi,#Zionist,1
#Saudi,#Ummah,1
#Saudi,#Saudipact,1
#Riyadh,#turkeypact,1
#Riyadh,#Zionist,1
#Riyadh,#Ummah,1
#Riyadh,#Saudipact,1
#Riyadh,#Saudi,1
#Palastine,#turkeypact,1
#Palastine,#Zionist,1
#Palastine,#Ummah,1
#Palastine,#Turkey,1
#Palastine,#Saudipact,1
#Palastine,#Saudi,1
#Palastine,#Riyadh,1
#Pakistanpact,#turkeypact,1
#Egypt,#Istanbul,1
#Fidan,#R4Meeting,1
#Dar,#R4Meeting,1
#Dar,#Fidan,1
#MeccaAgreement,#NATO,1
#Zionist,#turkeypact,1
#Ummah,#turkeypact,1
#Ummah,#Zionist,1
#Turkey,#turkeypact,1
#Turkey,#Zionist,1
#Turkey,#Ummah,1
#Saudipact,#turkeypact,1
#Saudipact,#Zionist,1
#Saudipact,#Ummah,1
#Saudipact,#Turkey,1
#Saudi,#turkeypact,1
#CollectiveDefense,#RegionalSecurity,1
#CollectiveDefense,#Gulf,1
#CollectiveDefense,#DarkBox,1
#AbuDhabi,#Riyadh,1
#AbuDhabi,#Gulf,1
#AbuDhabi,#CollectiveDefense,1
#Turkey,#UPDATE,1
#SaudiArabia,#UPDATE,1
#Pakistan,#UPDATE,1
#Mecca,#UPDATE,1
#Istanbul,#UPDATE,1
#Istanbul,#Turkey,1
#Istanbul,#SaudiArabia,1
#Istanbul,#Pakistan,1
#Istanbul,#Mecca,1
#Egypt,#UPDATE,1
#MBS,#MiddleEast,1
#HouthiAttack,#Yemen,1
#HouthiAttack,#WhatAreTheyDoing,1
#HouthiAttack,#SaudiArabia,1
#HouthiAttack,#PakistaniTroops,1
#HouthiAttack,#MiddleEast,1
#HouthiAttack,#MakkahPact,1
#HouthiAttack,#MBS,1
#CollectiveDefense,#Yemen,1
#CollectiveDefense,#WhatAreTheyDoing,1
#CollectiveDefense,#PakistaniTroops,1
#Gulf,#MeccaAgreement,1
#DarkBox,#Riyadh,1
#DarkBox,#Gulf,1
#CollectiveDefense,#UAE,1
#CollectiveDefense,#Riyadh,1
#donaldtrump,#meccaagreement,1
#donaldtrump,#iran,1
#DW,#Pakistan,1
#MeccaPact,#Saudi,1
#Caliber,#Geopolitics,1
#Riyadh,#UAE,1
#Riyadh,#SaudiArabia,1
#RegionalSecurity,#Riyadh,1
#MiddleEast,#Riyadh,1
#MeccaAgreement,#Riyadh,1
#Israel,#Riyadh,1
#Gulf,#UAE,1
#Gulf,#SaudiArabia,1
#Gulf,#Riyadh,1
#Gulf,#RegionalSecurity,1
#MBS,#PakistaniTroops,1
#middleeast,#youthpakistan,1
#middleeast,#straitofhormuz,1
#middleeast,#oman,1
#meccaagreement,#youthpakistan,1
#meccaagreement,#straitofhormuz,1
#meccaagreement,#oman,1
#meccaagreement,#middleeast,1
#iran,#youthpakistan,1
#iran,#straitofhormuz,1
#iran,#oman,1
#iran,#middleeast,1
#iran,#meccaagreement,1
#donaldtrump,#youthpakistan,1
#donaldtrump,#straitofhormuz,1
#donaldtrump,#oman,1
#donaldtrump,#middleeast,1
#Geopolitics2026,#Turkiye,1
#Geopolitics2026,#SouthAsia,1
#Geopolitics2026,#SaudiArabia,1
#Geopolitics2026,#Pakistan,1
#Geopolitics2026,#MiddleEast,1
#Geopolitics2026,#MakkahPact,1
#Geopolitics2026,#MakkahDefencePact,1
#Geopolitics2026,#JanpathNewsNetwork,1
#Geopolitics2026,#JNN,1
#Geopolitics2026,#India,1
#Geopolitics,#JanpathNewsNetwork,1
#Geopolitics,#JNN,1
#Geopolitics,#Geopolitics2026,1
#straitofhormuz,#youthpakistan,1
#oman,#youthpakistan,1
#oman,#straitofhormuz,1
#JanpathNewsNetwork,#MakkahDefencePact,1
#JNN,#WestAsia,1
#JNN,#USA,1
#JNN,#Turkiye,1
#JNN,#SouthAsia,1
#JNN,#SaudiArabia,1
#JNN,#Pakistan,1
#JNN,#MiddleEast,1
#JNN,#MakkahPact,1
#JNN,#MakkahDefencePact,1
#JNN,#JanpathNewsNetwork,1
#India,#MakkahDefencePact,1
#India,#JanpathNewsNetwork,1
#India,#JNN,1
#Geopolitics2026,#WestAsia,1
#Geopolitics2026,#USA,1
#SouthAsia,#WestAsia,1
#MiddleEast,#WestAsia,1
#MakkahPact,#WestAsia,1
#MakkahPact,#USA,1
#MakkahPact,#SouthAsia,1
#MakkahDefencePact,#WestAsia,1
#MakkahDefencePact,#USA,1
#MakkahDefencePact,#SouthAsia,1
#JanpathNewsNetwork,#WestAsia,1
#JanpathNewsNetwork,#USA,1
#JanpathNewsNetwork,#Turkiye,1
#JanpathNewsNetwork,#SouthAsia,1
#JanpathNewsNetwork,#SaudiArabia,1
#JanpathNewsNetwork,#Pakistan,1
#JanpathNewsNetwork,#MiddleEast,1
#JanpathNewsNetwork,#MakkahPact,1
#AmericaFirst,#Saudiarabia,1
#AmericaFirst,#Pakistan,1
#AmericaFirst,#Middleeast,1
#AmericaFirst,#Foxnews,1
#AmericaFirst,#Americans,1
#saudiarabia,#türkiye,1
#qatar,#türkiye,1
#qatar,#saudiarabia,1
#defencedeal,#türkiye,1
#defencedeal,#saudiarabia,1
#defencedeal,#qatar,1
#Pakistan,#türkiye,1
#Pakistan,#saudiarabia,1
#Pakistan,#qatar,1
#Pakistan,#defencedeal,1
#Turkiye,#WestAsia,1
#Middleeast,#Turkey,1
#Middleeast,#Saudiarabia,1
#Middleeast,#Pakistan,1
#Foxnews,#USA,1
#Foxnews,#Turkey,1
#Foxnews,#Saudiarabia,1
#Foxnews,#Pakistan,1
#Foxnews,#Middleeast,1
#Americans,#USA,1
#Americans,#Turkey,1
#Americans,#Saudiarabia,1
#Americans,#Pakistan,1
#Americans,#Middleeast,1
#Americans,#Foxnews,1
#AmericaFirst,#USA,1
#AmericaFirst,#Turkey,1
#CommodityMarkets,#EnergySecurity,1
#CommodityMarkets,#DefenseTech,1
#CommodityMarkets,#CyberWarfare,1
#Au79Macro,#SupplyChainShock,1
#Au79Macro,#StrategicAutonomy,1
#Au79Macro,#StraitOfHormuz,1
#Au79Macro,#MeccaPact,1
#Au79Macro,#MacroThreats,1
#Au79Macro,#HardPower,1
#Au79Macro,#EnergySecurity,1
#Au79Macro,#CyberWarfare,1
#Au79Macro,#CommodityMarkets,1
#Saudiarabia,#USA,1
#Saudiarabia,#Turkey,1
#Pakistan,#Saudiarabia,1
#Middleeast,#USA,1
#CyberWarfare,#Inflation,1
#CyberWarfare,#HardPower,1
#CyberWarfare,#GlobalTrade,1
#CyberWarfare,#Geopolitics,1
#CyberWarfare,#EnergySecurity,1
#CyberWarfare,#DefenseTech,1
#CommodityMarkets,#SupplyChainShock,1
#CommodityMarkets,#StrategicAutonomy,1
#CommodityMarkets,#StraitOfHormuz,1
#CommodityMarkets,#SpatialRisk,1
#CommodityMarkets,#MeccaPact,1
#CommodityMarkets,#MacroThreats,1
#CommodityMarkets,#Inflation,1
#CommodityMarkets,#HardPower,1
#CommodityMarkets,#GlobalTrade,1
#CommodityMarkets,#Geopolitics,1
#EnergySecurity,#HardPower,1
#EnergySecurity,#GlobalTrade,1
#EnergySecurity,#Geopolitics,1
#DefenseTech,#SupplyChainShock,1
#DefenseTech,#StrategicAutonomy,1
#DefenseTech,#StraitOfHormuz,1
#DefenseTech,#MeccaPact,1
#DefenseTech,#MacroThreats,1
#DefenseTech,#HardPower,1
#DefenseTech,#EnergySecurity,1
#CyberWarfare,#SupplyChainShock,1
#CyberWarfare,#StrategicAutonomy,1
#CyberWarfare,#StraitOfHormuz,1
#CyberWarfare,#SpatialRisk,1
#CyberWarfare,#MeccaPact,1
#CyberWarfare,#MacroThreats,1
#GlobalTrade,#SupplyChainShock,1
#GlobalTrade,#StrategicAutonomy,1
#GlobalTrade,#StraitOfHormuz,1
#GlobalTrade,#MeccaPact,1
#GlobalTrade,#MacroThreats,1
#GlobalTrade,#HardPower,1
#Geopolitics,#SupplyChainShock,1
#Geopolitics,#MacroThreats,1
#Geopolitics,#HardPower,1
#EnergySecurity,#SupplyChainShock,1
#EnergySecurity,#StrategicAutonomy,1
#EnergySecurity,#StraitOfHormuz,1
#EnergySecurity,#SpatialRisk,1
#EnergySecurity,#MeccaPact,1
#EnergySecurity,#MacroThreats,1
#EnergySecurity,#Inflation,1
#MacroThreats,#StrategicAutonomy,1
#MacroThreats,#StraitOfHormuz,1
#MacroThreats,#SpatialRisk,1
#MacroThreats,#MeccaPact,1
#Inflation,#SupplyChainShock,1
#Inflation,#StrategicAutonomy,1
#Inflation,#StraitOfHormuz,1
#Inflation,#MeccaPact,1
#Inflation,#MacroThreats,1
#HardPower,#SupplyChainShock,1
#HardPower,#StrategicAutonomy,1
#HardPower,#StraitOfHormuz,1
#HardPower,#SpatialRisk,1
#HardPower,#MeccaPact,1
#HardPower,#MacroThreats,1
#HardPower,#Inflation,1
#bist100,#msci,1
#bist100,#mecca,1
#bist100,#farukanaliz,1
#bist100,#emergingmarkets,1
#bist100,#borsaistanbul,1
#StrategicAutonomy,#SupplyChainShock,1
#StraitOfHormuz,#SupplyChainShock,1
#StraitOfHormuz,#StrategicAutonomy,1
#SpatialRisk,#SupplyChainShock,1
#SpatialRisk,#StrategicAutonomy,1
#SpatialRisk,#StraitOfHormuz,1
#MeccaPact,#SupplyChainShock,1
#MeccaPact,#StrategicAutonomy,1
#MeccaPact,#StraitOfHormuz,1
#MeccaPact,#SpatialRisk,1
#MacroThreats,#SupplyChainShock,1
#msci,#turkey,1
#mecca,#turkey,1
#mecca,#msci,1
#farukanaliz,#turkey,1
#farukanaliz,#msci,1
#farukanaliz,#mecca,1
#emergingmarkets,#turkey,1
#emergingmarkets,#msci,1
#emergingmarkets,#mecca,1
#emergingmarkets,#farukanaliz,1
#borsaistanbul,#turkey,1
#borsaistanbul,#msci,1
#borsaistanbul,#mecca,1
#borsaistanbul,#farukanaliz,1
#borsaistanbul,#emergingmarkets,1
#bist100,#turkey,1
#Pakistan,#SirajLive,1
#MiddleEastGeopolitics,#Turkey,1
#MiddleEastGeopolitics,#SirajNews,1
#MiddleEastGeopolitics,#SirajLive,1
#MiddleEastGeopolitics,#SaudiArabia,1
#MiddleEastGeopolitics,#Pakistan,1
#MeccaPact,#SirajNews,1
#MeccaPact,#SirajLive,1
#MeccaPact,#MiddleEastGeopolitics,1
#DefenseDeal,#Turkey,1
#DefenseDeal,#SirajNews,1
#DefenseDeal,#SirajLive,1
#DefenseDeal,#SaudiArabia,1
#DefenseDeal,#Pakistan,1
#DefenseDeal,#MiddleEastGeopolitics,1
#DefenseDeal,#MeccaPact,1
#FieldMarshalAsimMunir,#MakkahPact,1
#FieldMarshalAsimMunir,#GazaPeace,1
#DefenceCooperation,#Turkiye,1
#DefenceCooperation,#SaudiArabia,1
#DefenceCooperation,#Pakistan,1
#DefenceCooperation,#MakkahPact,1
#DefenceCooperation,#GazaPeace,1
#DefenceCooperation,#FieldMarshalAsimMunir,1
#Pakistan,#The,1
#Mecca,#The,1
#SirajNews,#Turkey,1
#SirajLive,#Turkey,1
#SirajLive,#SirajNews,1
#SaudiArabia,#SirajNews,1
#SaudiArabia,#SirajLive,1
#Pakistan,#SirajNews,1
#BallisticMissiles,#Yemen,1
#BallisticMissiles,#WhatAreTheyDoing,1
#BallisticMissiles,#SaudiArabia,1
#BallisticMissiles,#PakistaniTroops,1
#BallisticMissiles,#MiddleEast,1
#BallisticMissiles,#MakkahPact,1
#BallisticMissiles,#MBS,1
#BallisticMissiles,#HouthiAttack,1
#BallisticMissiles,#CollectiveDefense,1
#8000Troops,#Yemen,1
#8000Troops,#WhatAreTheyDoing,1
#8000Troops,#SaudiArabia,1
#8000Troops,#PakistaniTroops,1
#8000Troops,#MiddleEast,1
#FieldMarshalAsimMunir,#SaudiArabia,1
#FieldMarshalAsimMunir,#Pakistan,1
#Geopolitics,#PakistanSecurity,1
#Geopolitics,#Gulf,1
#Nazi,#Trump,1
#Israel,#Trump,1
#Israel,#Nazi,1
#Iran,#Nazi,1
#Capetown,#Trump,1
#Capetown,#Nazi,1
#Capetown,#Israel,1
#Capetown,#Iran,1
#GazaPeace,#Turkiye,1
#GazaPeace,#SaudiArabia,1
#GazaPeace,#Pakistan,1
#GazaPeace,#MakkahPact,1
#FieldMarshalAsimMunir,#Turkiye,1
#CollectiveDefense,#HouthiAttack,1
#EastNATO,#SaudiArabia,1
#EastNATO,#Pakistan,1
#EastNATO,#MeccaPact,1
#RegionalSecurity,#StrategicDefense,1
#PakistanDiplomacy,#StrategicDefense,1
#PakistanDiplomacy,#RegionalSecurity,1
#MeccaPact,#StrategicDefense,1
#MeccaPact,#PakistanDiplomacy,1
#PakistanSecurity,#turkifşa,1
#Pakistan,#turkifşa,1
#Pakistan,#PakistanSecurity,1
#MiddleEast,#turkifşa,1
#MiddleEast,#PakistanSecurity,1
#Gulf,#turkifşa,1
#Gulf,#PakistanSecurity,1
#Geopolitics,#turkifşa,1
#73Injured,#CollectiveDefense,1
#73Injured,#BallisticMissiles,1
#73Injured,#8000Troops,1
#PakistanTV,#SaudiArabia,1
#Pakistan,#PakistanTV,1
#MiddleEast,#PakistanTV,1
#MakkahDefence,#SaudiArabia,1
#MakkahDefence,#RegionalSecurity,1
#MakkahDefence,#PakistanTV,1
#MakkahDefence,#Pakistan,1
#MakkahDefence,#MiddleEast,1
#ForeignPolicy,#RegionalSecurity,1
#ForeignPolicy,#PakistanTV,1
#ForeignPolicy,#MakkahDefence,1
#Live,#TheGunnersSight,1
#EastNATO,#Turkey,1
#AmericaFirst,#MeccaAgreement,1
#geopolitics,#turkiye,1
#geopolitics,#saudiarabia,1
#8000Troops,#MakkahPact,1
#8000Troops,#MBS,1
#8000Troops,#HouthiAttack,1
#8000Troops,#CollectiveDefense,1
#8000Troops,#BallisticMissiles,1
#73Injured,#Yemen,1
#73Injured,#WhatAreTheyDoing,1
#73Injured,#SaudiArabia,1
#73Injured,#PakistaniTroops,1
#73Injured,#MiddleEast,1
#73Injured,#MakkahPact,1
#73Injured,#MBS,1
#73Injured,#HouthiAttack,1
#AdnanMenderes,#Coup,1
#MakkahJointDefenceAgreement,#Turkiye,1
#MakkahJointDefenceAgreement,#SaudiArabia,1
#MakkahJointDefenceAgreement,#Pakistan,1
#DonaldTrumUsPresident,#Turkiye,1
#DonaldTrumUsPresident,#SaudiArabia,1
#DonaldTrumUsPresident,#Pakistan,1
#DonaldTrumUsPresident,#MakkahJointDefenceAgreement,1
#DefensePact,#Turkiye,1
#DefensePact,#MakkahJointDefenceAgreement,1
#DefensePact,#DonaldTrumUsPresident,1
#MiddleEasr,#geopolitics,1
#MeccaAgreement,#geopolitics,1
#MeccaAgreement,#MiddleEasr,1
#AmericaFirst,#geopolitics,1
#AmericaFirst,#MiddleEasr,1
#Coup,#MiddleEast,1
#Coup,#Menderes,1
#Coup,#Mecca,1
#Coup,#Geopolitics,1
#Coup,#Erdogan,1
#Coup,#Elections,1
#Coup,#Democracy,1
#AdnanMenderes,#Turkey,1
#AdnanMenderes,#NATO,1
#AdnanMenderes,#MiddleEast,1
#AdnanMenderes,#Menderes,1
#AdnanMenderes,#Mecca,1
#AdnanMenderes,#Geopolitics,1
#AdnanMenderes,#Erdogan,1
#AdnanMenderes,#Elections,1
#AdnanMenderes,#Democracy,1
#Elections,#NATO,1
#Elections,#MiddleEast,1
#Elections,#Menderes,1
#Elections,#Mecca,1
#Elections,#Geopolitics,1
#Elections,#Erdogan,1
#Democracy,#Turkey,1
#Democracy,#NATO,1
#Democracy,#MiddleEast,1
#Democracy,#Menderes,1
#Democracy,#Mecca,1
#Democracy,#Geopolitics,1
#Democracy,#Erdogan,1
#Democracy,#Elections,1
#Coup,#Turkey,1
#Coup,#NATO,1
#SaudiArabia,#theneutral,1
#Pakistan,#theneutral,1
#IslamicNATO,#NATO,1
#IslamicNATO,#MeccaPact,1
#Menderes,#Turkey,1
#Menderes,#NATO,1
#Menderes,#MiddleEast,1
#Mecca,#NATO,1
#Mecca,#MiddleEast,1
#Mecca,#Menderes,1
#Geopolitics,#Menderes,1
#Geopolitics,#Mecca,1
#Erdogan,#NATO,1
#Erdogan,#Menderes,1
#Erdogan,#Mecca,1
#Elections,#Turkey,1
#Geopolitics,#Sanctions,1
#Geopolitics,#OFAC,1
#Geopolitics,#Midterms,1
#Geopolitics,#Hormuz,1
#IslamicNATO,#Turkey,1
#MakkahDefencePact,#theneutral,1
#KhawajaAsif,#theneutral,1
#KhawajaAsif,#SaudiArabia,1
#KhawajaAsif,#Pakistan,1
#Houthis,#theneutral,1
#Houthis,#MakkahDefencePact,1
#Houthis,#KhawajaAsif,1
#Turkiye,#pakistan,1
#SaudiArabia,#pakistan,1
#Saudi,#Türkiye,1
#Pakistani,#Saudi,1
#MeccaPact,#USIran,1
#MeccaPact,#Sanctions,1
#MeccaPact,#Oil,1
#MeccaPact,#OFAC,1
#MeccaPact,#Midterms,1
#Iran,#USIran,1
#Iran,#Sanctions,1
#Iran,#OFAC,1
#Iran,#Midterms,1
#Hormuz,#USIran,1
#Hormuz,#Sanctions,1
#Hormuz,#Oil,1
#Hormuz,#OFAC,1
#Hormuz,#Midterms,1
#Hormuz,#MeccaPact,1
#Geopolitics,#USIran,1
#BREAKING,#Turkey,1
#BREAKING,#Saudi,1
#BREAKING,#Houthi,1
#SaudiArabia,#YemenCrisis,1
#MiddleEast,#YemenCrisis,1
#MeccaPact,#YemenCrisis,1
#Sanctions,#USIran,1
#Oil,#USIran,1
#Oil,#Sanctions,1
#OFAC,#USIran,1
#OFAC,#Sanctions,1
#OFAC,#Oil,1
#Midterms,#USIran,1
#Midterms,#Sanctions,1
#Midterms,#Oil,1
#Midterms,#OFAC,1
#BreakingNews,#ShehbazSharif,1
#BreakingNews,#MiddleEastSecurity,1
#BreakingNews,#MBS,1
#BreakingNews,#Erdogan,1
#BreakingNews,#Developing,1
#BreakingNews,#CollectiveDefense,1
#JaredKushner,#Pakistan,1
#JaredKushner,#MakkahDefencePact,1
#Israel,#JaredKushner,1
#Gaza,#MakkahDefencePact,1
#Gaza,#JaredKushner,1
#Gaza,#Israel,1
#MeccaAgreement,#TVOneUSA,1
#DonaldTrump,#TVOneUSA,1
#Houthi,#Turkey,1
#Houthi,#Saudi,1
#Erdogan,#MBS,1
#Developing,#Turkiye,1
#Developing,#Trump,1
#Developing,#ShehbazSharif,1
#Developing,#SaudiArabia,1
#Developing,#Pakistan,1
#Developing,#MiddleEastSecurity,1
#Developing,#MakkahPact,1
#Developing,#MBS,1
#Developing,#Erdogan,1
#CollectiveDefense,#Turkiye,1
#CollectiveDefense,#Trump,1
#CollectiveDefense,#ShehbazSharif,1
#CollectiveDefense,#Erdogan,1
#CollectiveDefense,#Developing,1
#BreakingNews,#Trump,1
#Defence,#Geopolitcs,1
#ANN,#AsiaNewsNetwork,1
#MiddleEastSecurity,#Turkiye,1
#MiddleEastSecurity,#Trump,1
#MiddleEastSecurity,#ShehbazSharif,1
#MakkahPact,#ShehbazSharif,1
#MakkahPact,#MiddleEastSecurity,1
#MBS,#Turkiye,1
#MBS,#Trump,1
#MBS,#ShehbazSharif,1
#MBS,#Pakistan,1
#MBS,#MiddleEastSecurity,1
#Erdogan,#Turkiye,1
#Erdogan,#Trump,1
#Erdogan,#ShehbazSharif,1
#Erdogan,#MiddleEastSecurity,1
#India,#Nuclear,1
#India,#MeccaDefenceJointAgreement,1
#Geopolitcs,#USA,1
#Geopolitcs,#Turkiye,1
#Geopolitcs,#Trump,1
#Geopolitcs,#ShehbazSharif,1
#Geopolitcs,#SaudiArabia,1
#Geopolitcs,#Pakistan,1
#Geopolitcs,#Nuclear,1
#Geopolitcs,#MeccaDefenceJointAgreement,1
#Geopolitcs,#India,1
#Defence,#USA,1
#Defence,#Trump,1
#Defence,#ShehbazSharif,1
#Defence,#Nuclear,1
#Defence,#MeccaDefenceJointAgreement,1
#DefenceDeal,#DefencePact,1
#ShehbazSharif,#USA,1
#Nuclear,#USA,1
#Nuclear,#Turkiye,1
#Nuclear,#Trump,1
#Nuclear,#ShehbazSharif,1
#Nuclear,#SaudiArabia,1
#Nuclear,#Pakistan,1
#MeccaDefenceJointAgreement,#USA,1
#MeccaDefenceJointAgreement,#Turkiye,1
#MeccaDefenceJointAgreement,#Trump,1
#MeccaDefenceJointAgreement,#ShehbazSharif,1
#MeccaDefenceJointAgreement,#SaudiArabia,1
#MeccaDefenceJointAgreement,#Pakistan,1
#MeccaDefenceJointAgreement,#Nuclear,1
#India,#ShehbazSharif,1
#KhwajaAsif,#Yemen,1
#KhwajaAsif,#SaudiArabia,1
#KhwajaAsif,#Pakistan,1
#KhwajaAsif,#MiddleEast,1
#KhwajaAsif,#MeccaPact,1
#Iran,#KhwajaAsif,1
#Houthis,#KhwajaAsif,1
#DefenceNews,#Yemen,1
#DefenceNews,#SaudiArabia,1
#DefenceNews,#Pakistan,1
#DefenceDeal,#MeccaAgreement,1
#DefenceDeal,#IndiaSecurity,1
#DefenceDeal,#India,1
#DefenceDeal,#GlobalPolitics,1
#DefenceDeal,#Geopolitics,1
#DefenceDeal,#DonaldTrump,1
#Islamabad,#PAKISTAN,1
#DefencePact,#IndiaSecurity,1
#DefencePact,#GlobalPolitics,1
#DefenceDeal,#TurkeyPakistan,1
#DefenceDeal,#Turkey,1
#DefenceDeal,#SaudiPakistan,1
#DefenceDeal,#SaudiArabia,1
#DefenceDeal,#RegionalSecurity,1
#DefenceDeal,#Pakistan,1
#DefenceDeal,#MiddleEast,1
#IndiaFirst,#YemenCrisis,1
#IndiaFirst,#SaudiArabia,1
#IndiaFirst,#MiddleEast,1
#IndiaFirst,#MeccaPact,1
#Houthis,#YemenCrisis,1
#Houthis,#IndiaFirst,1
#GlobalPolitics,#Turkey,1
#GlobalPolitics,#SaudiPakistan,1
#GlobalPolitics,#RegionalSecurity,1
#GlobalPolitics,#MeccaAgreement,1
#GlobalPolitics,#IndiaSecurity,1
#GlobalPolitics,#India,1
#DonaldTrump,#TurkeyPakistan,1
#DonaldTrump,#SaudiPakistan,1
#DonaldTrump,#IndiaSecurity,1
#DonaldTrump,#GlobalPolitics,1
#DefencePact,#SaudiPakistan,1
#DefenceNews,#MiddleEast,1
#DefenceNews,#MeccaPact,1
#DefenceNews,#KhwajaAsif,1
#DefenceNews,#Iran,1
#DefenceNews,#Houthis,1
#BREAKING,#Houthis,1
#IndiaTodayGlobal,#Pakistan,1
#IndiaTodayGlobal,#MeccaPact,1
#SAUDiARABIA,#USA,1
#PAKISTAN,#USA,1
#PAKISTAN,#SAUDiARABIA,1
#News,#USA,1
#News,#SAUDiARABIA,1
#IndiaSecurity,#TurkeyPakistan,1
#IndiaSecurity,#SaudiPakistan,1
#IndiaSecurity,#RegionalSecurity,1
#IndiaSecurity,#MiddleEast,1
#IndiaSecurity,#MeccaAgreement,1
#India,#TurkeyPakistan,1
#India,#IndiaSecurity,1
#GlobalPolitics,#TurkeyPakistan,1
#DefenceAgreement,#Trump,1
#DefenceAgreement,#SaudiArabia,1
#DefenceAgreement,#PakistanSaudiArabia,1
#DefenceAgreement,#Pakistan,1
#DefenceAgreement,#MeccaDefencePact,1
#DefenceAgreement,#MeccaAgreement,1
#Makkah,#Trump,1
#Badakhsha,#Trump,1
#Badakhsha,#Makkah,1
#Badakhsha,#Iran,1
#SaudiPakistan,#TurkeyPakistan,1
#RegionalSecurity,#SaudiPakistan,1
#MeccaAgreement,#TurkeyPakistan,1
#MeccaAgreement,#SaudiPakistan,1
#Jaishankar,#MeccaPact,1
#Houthis,#Jaishankar,1
#Turkiye,#awaztvnews,1
#Turkey,#awaztvnews,1
#Trump,#awaztvnews,1
#SaudiArabia,#awaztvnews,1
#PakistanSaudiArabia,#awaztvnews,1
#PakistanSaudiArabia,#Turkiye,1
#PakistanSaudiArabia,#Trump,1
#Pakistan,#awaztvnews,1
#MeccaDefencePact,#awaztvnews,1
#MeccaDefencePact,#PakistanSaudiArabia,1
#MeccaAgreement,#awaztvnews,1
#MeccaAgreement,#Turkiye,1
#MeccaAgreement,#PakistanSaudiArabia,1
#DefenceAgreement,#awaztvnews,1
#DefenceAgreement,#Turkiye,1
#DefenceAgreement,#Turkey,1
#Turkey,#security,1
#Trump,#security,1
#Trump,#US,1
#SaudiArabia,#security,1
#SaudiArabia,#US,1
#Pakistan,#security,1
#America,#security,1
#America,#US,1
#America,#Turkey,1
#America,#Trump,1
#America,#SaudiArabia,1
#America,#Pakistan,1
#Trump,#WestAsia,1
#MeccaJointDefenceAgreement,#WestAsia,1
#MeccaJointDefenceAgreement,#USA,1
#MeccaJointDefenceAgreement,#Trump,1
#MeccaDefencePact,#RegionalSecurity,1
#MeccaAgreement,#WorldNews,1
#MeccaAgreement,#SaudiTurkeyPakistan,1
#India,#WorldNews,1
#India,#SaudiTurkeyPakistan,1
#Geopolitics,#Trump,1
#Geopolitics,#SaudiTurkeyPakistan,1
#DonaldTrump,#WorldNews,1
#DonaldTrump,#Trump,1
#DonaldTrump,#SaudiTurkeyPakistan,1
#DonaldTrump,#MeccaDefencePact,1
#DefencePact,#WorldNews,1
#DefencePact,#Trump,1
#DefencePact,#SaudiTurkeyPakistan,1
#DefencePact,#MeccaDefencePact,1
#US,#security,1
#DonaldTrump,#NationalSecurity,1
#DefencePact,#NationalSecurity,1
#Turkey,#WorldNews,1
#Trump,#WorldNews,1
#SaudiTurkeyPakistan,#WorldNews,1
#SaudiTurkeyPakistan,#Turkey,1
#SaudiTurkeyPakistan,#Trump,1
#SaudiArabia,#SaudiTurkeyPakistan,1
#RegionalSecurity,#WorldNews,1
#RegionalSecurity,#Trump,1
#RegionalSecurity,#SaudiTurkeyPakistan,1
#Pakistan,#SaudiTurkeyPakistan,1
#MiddleEast,#Trump,1
#MiddleEast,#SaudiTurkeyPakistan,1
#MeccaDefencePact,#WorldNews,1
#MeccaDefencePact,#SaudiTurkeyPakistan,1
#GeopoliticsNews,#IndiaPakistanRelations,1
#GeopoliticsNews,#IllustratedDailyNews,1
#defence,#jointdefence,1
#Alliance,#jointdefence,1
#Alliance,#defence,1
#JointDefence,#SouthAsia,1
#JointDefence,#Pakistan,1
#Bangladesh,#JointDefence,1
#MeccaDefencePact,#UAE,1
#MeccaDefencePact,#MeccaPact,1
#Mecca,#Trump,1
#MiddleEastSecurity,#SanjayUpadhya,1
#Meccaagreement,#SanjayUpadhya,1
#Meccaagreement,#MiddleEastSecurity,1
#MiddleEast,#NationalSecurity,1
#MeccaAgreement,#NationalSecurity,1
#IndiaPakistanRelations,#WestAsiaSecurity,1
#IndiaPakistanRelations,#Turkey,1
#IndiaPakistanRelations,#SaudiArabia,1
#IndiaPakistanRelations,#MeccaDefencePact,1
#IndiaPakistanRelations,#IndianForeignPolicy,1
#IllustratedDailyNews,#WestAsiaSecurity,1
#IllustratedDailyNews,#Turkey,1
#IllustratedDailyNews,#SaudiArabia,1
#IllustratedDailyNews,#MeccaDefencePact,1
#IllustratedDailyNews,#IndianForeignPolicy,1
#IllustratedDailyNews,#IndiaPakistanRelations,1
#GeopoliticsNews,#WestAsiaSecurity,1
#GeopoliticsNews,#Turkey,1
#GeopoliticsNews,#SaudiArabia,1
#GeopoliticsNews,#MeccaDefencePact,1
#GeopoliticsNews,#IndianForeignPolicy,1
#Defense,#Turkey,1
#Defense,#EnvisionPakistan,1
#Defense,#Egypt,1
#pact,#unease,1
#exposes,#unease,1
#exposes,#pact,1
#Pakistan,#unease,1
#Pakistan,#pact,1
#Pakistan,#exposes,1
#Turkey,#WestAsiaSecurity,1
#SaudiArabia,#WestAsiaSecurity,1
#MeccaDefencePact,#WestAsiaSecurity,1
#IndianForeignPolicy,#WestAsiaSecurity,1
#IndianForeignPolicy,#Turkey,1
#IndianForeignPolicy,#SaudiArabia,1
#IndianForeignPolicy,#MeccaDefencePact,1
#DefensePact,#Express247,1
#DefensePact,#Erdogan,1
#DefensePact,#EgyptTurkey,1
#DefensePact,#Egypt,1
#DefencePact,#PakistanSaudiArabia,1
#DefencePact,#MakkahPact,1
#DefencePact,#MakkahDefenceAgreement,1
#DefencePact,#Express247,1
#DefencePact,#Erdogan,1
#DefencePact,#EgyptTurkey,1
#DefencePact,#Egypt,1
#DefencePact,#DefensePact,1
#Diplomacy,#Iran,1
#EnvisionPakistan,#Turkey,1
#EnvisionPakistan,#SaudiArabia,1
#Egypt,#EnvisionPakistan,1
#IRAN,#USA,1
#IRAN,#SAUDiARABIA,1
#IRAN,#PAKISTAN,1
#IRAN,#News,1
#HOUTHI,#USA,1
#HOUTHI,#SAUDiARABIA,1
#HOUTHI,#PAKISTAN,1
#HOUTHI,#News,1
#HOUTHI,#IRAN,1
#HORMUZ,#USA,1
#HORMUZ,#SAUDiARABIA,1
#HORMUZ,#PAKISTAN,1
#HORMUZ,#News,1
#HORMUZ,#IRAN,1
#HORMUZ,#HOUTHI,1
#DefensePact,#MakkahDefenceAgreement,1
#EgyptTurkey,#Erdogan,1
#Egypt,#TurkeyPakistan,1
#Egypt,#RegionalSecurity,1
#Egypt,#PakistanSaudiArabia,1
#Egypt,#MakkahPact,1
#Egypt,#MakkahDefenceAgreement,1
#Egypt,#Geopolitics,1
#Egypt,#Express247,1
#Egypt,#Erdogan,1
#Egypt,#EgyptTurkey,1
#DefensePact,#TurkeyPakistan,1
#DefensePact,#RegionalSecurity,1
#DefensePact,#PakistanSaudiArabia,1
#DefensePact,#MiddleEast,1
#DefensePact,#MakkahPact,1
#News,#PAKISTAN,1
#Express247,#MakkahDefenceAgreement,1
#Erdogan,#TurkeyPakistan,1
#Erdogan,#PakistanSaudiArabia,1
#Erdogan,#MakkahDefenceAgreement,1
#Erdogan,#Express247,1
#EgyptTurkey,#TurkeyPakistan,1
#EgyptTurkey,#Turkey,1
#EgyptTurkey,#SaudiArabia,1
#EgyptTurkey,#RegionalSecurity,1
#EgyptTurkey,#PakistanSaudiArabia,1
#EgyptTurkey,#Pakistan,1
#EgyptTurkey,#MiddleEast,1
#EgyptTurkey,#MakkahPact,1
#EgyptTurkey,#MakkahDefenceAgreement,1
#EgyptTurkey,#Geopolitics,1
#EgyptTurkey,#Express247,1
#HamaraMaanCDF,#سلام_عاصم_منیر,1
#HamaraMaanCDF,#SymbolOfGreatnessCDF,1
#HamaraMaanCDF,#ProsperityWithCDF,1
#HamaraMaanCDF,#NationWithYouCDF,1
#PakistanSaudiArabia,#TurkeyPakistan,1
#MakkahPact,#TurkeyPakistan,1
#MakkahDefenceAgreement,#TurkeyPakistan,1
#MakkahDefenceAgreement,#Turkey,1
#MakkahDefenceAgreement,#SaudiArabia,1
#MakkahDefenceAgreement,#RegionalSecurity,1
#MakkahDefenceAgreement,#PakistanSaudiArabia,1
#MakkahDefenceAgreement,#MiddleEast,1
#MakkahDefenceAgreement,#MakkahPact,1
#Geopolitics,#MakkahDefenceAgreement,1
#Express247,#TurkeyPakistan,1
#Express247,#MiddleEast,1
#AmYisraelChai,#IsraelUnderAttack,1
#AmYisraelChai,#IsraelStrong,1
#AmYisraelChai,#Israel,1
#AmYisraelChai,#FightAntisemitism,1
#AmYisraelChai,#EndAntisemitism,1
#AmYisraelChai,#EducateToEradicate,1
#AmYisraelChai,#BringThemHomeNow,1
#crypto,#solana,1
#bitcoin,#solana,1
#bitcoin,#crypto,1
#SymbolOfGreatnessCDF,#سلام_عاصم_منیر,1
#ProsperityWithCDF,#سلام_عاصم_منیر,1
#ProsperityWithCDF,#SymbolOfGreatnessCDF,1
#NationWithYouCDF,#سلام_عاصم_منیر,1
#NationWithYouCDF,#SymbolOfGreatnessCDF,1
#NationWithYouCDF,#ProsperityWithCDF,1
#BringThemHomeNow,#IsraelUnderAttack,1
#BringThemHomeNow,#IsraelStrong,1
#BringThemHomeNow,#Israel,1
#BringThemHomeNow,#FightAntisemitism,1
#BringThemHomeNow,#EndAntisemitism,1
#BringThemHomeNow,#EducateToEradicate,1
#AmYisraelChai,#WeStandWithIsrael,1
#AmYisraelChai,#WeRemember,1
#AmYisraelChai,#TruthMatters,1
#AmYisraelChai,#StopJewHate,1
#AmYisraelChai,#StandWithJews,1
#AmYisraelChai,#StandWithIsrael,1
#AmYisraelChai,#NeverForget,1
#AmYisraelChai,#NeverAgain,1
#AmYisraelChai,#JewishVoices,1
#AmYisraelChai,#JewishLivesMatter,1
#EducateToEradicate,#JewishLivesMatter,1
#EducateToEradicate,#IsraelUnderAttack,1
#EducateToEradicate,#IsraelStrong,1
#EducateToEradicate,#Israel,1
#EducateToEradicate,#FightAntisemitism,1
#EducateToEradicate,#EndAntisemitism,1
#BringThemHomeNow,#WeStandWithIsrael,1
#BringThemHomeNow,#WeRemember,1
#BringThemHomeNow,#TruthMatters,1
#BringThemHomeNow,#StopJewHate,1
#BringThemHomeNow,#StandWithJews,1
#BringThemHomeNow,#StandWithIsrael,1
#BringThemHomeNow,#NeverForget,1
#BringThemHomeNow,#NeverAgain,1
#BringThemHomeNow,#JewishVoices,1
#BringThemHomeNow,#JewishLivesMatter,1
#EndAntisemitism,#NeverAgain,1
#EndAntisemitism,#JewishVoices,1
#EndAntisemitism,#JewishLivesMatter,1
#EndAntisemitism,#IsraelUnderAttack,1
#EndAntisemitism,#IsraelStrong,1
#EndAntisemitism,#Israel,1
#EndAntisemitism,#FightAntisemitism,1
#EducateToEradicate,#WeStandWithIsrael,1
#EducateToEradicate,#WeRemember,1
#EducateToEradicate,#TruthMatters,1
#EducateToEradicate,#StopJewHate,1
#EducateToEradicate,#StandWithJews,1
#EducateToEradicate,#StandWithIsrael,1
#EducateToEradicate,#NeverForget,1
#EducateToEradicate,#NeverAgain,1
#EducateToEradicate,#JewishVoices,1
#FightAntisemitism,#StandWithJews,1
#FightAntisemitism,#StandWithIsrael,1
#FightAntisemitism,#NeverForget,1
#FightAntisemitism,#NeverAgain,1
#FightAntisemitism,#JewishVoices,1
#FightAntisemitism,#JewishLivesMatter,1
#FightAntisemitism,#IsraelUnderAttack,1
#FightAntisemitism,#IsraelStrong,1
#FightAntisemitism,#Israel,1
#EndAntisemitism,#WeStandWithIsrael,1
#EndAntisemitism,#WeRemember,1
#EndAntisemitism,#TruthMatters,1
#EndAntisemitism,#StopJewHate,1
#EndAntisemitism,#StandWithJews,1
#EndAntisemitism,#StandWithIsrael,1
#EndAntisemitism,#NeverForget,1
#Israel,#WeStandWithIsrael,1
#Israel,#WeRemember,1
#Israel,#TruthMatters,1
#Israel,#StopJewHate,1
#Israel,#StandWithJews,1
#Israel,#StandWithIsrael,1
#Israel,#NeverForget,1
#Israel,#NeverAgain,1
#Israel,#JewishVoices,1
#Israel,#JewishLivesMatter,1
#Israel,#IsraelUnderAttack,1
#Israel,#IsraelStrong,1
#FightAntisemitism,#WeStandWithIsrael,1
#FightAntisemitism,#WeRemember,1
#FightAntisemitism,#TruthMatters,1
#FightAntisemitism,#StopJewHate,1
#IsraelUnderAttack,#StandWithIsrael,1
#IsraelUnderAttack,#NeverForget,1
#IsraelUnderAttack,#NeverAgain,1
#IsraelUnderAttack,#JewishVoices,1
#IsraelUnderAttack,#JewishLivesMatter,1
#IsraelStrong,#WeStandWithIsrael,1
#IsraelStrong,#WeRemember,1
#IsraelStrong,#TruthMatters,1
#IsraelStrong,#StopJewHate,1
#IsraelStrong,#StandWithJews,1
#IsraelStrong,#StandWithIsrael,1
#IsraelStrong,#NeverForget,1
#IsraelStrong,#NeverAgain,1
#IsraelStrong,#JewishVoices,1
#IsraelStrong,#JewishLivesMatter,1
#IsraelStrong,#IsraelUnderAttack,1
#JewishVoices,#NeverForget,1
#JewishVoices,#NeverAgain,1
#JewishLivesMatter,#WeStandWithIsrael,1
#JewishLivesMatter,#WeRemember,1
#JewishLivesMatter,#TruthMatters,1
#JewishLivesMatter,#StopJewHate,1
#JewishLivesMatter,#StandWithJews,1
#JewishLivesMatter,#StandWithIsrael,1
#JewishLivesMatter,#NeverForget,1
#JewishLivesMatter,#NeverAgain,1
#JewishLivesMatter,#JewishVoices,1
#IsraelUnderAttack,#WeStandWithIsrael,1
#IsraelUnderAttack,#WeRemember,1
#IsraelUnderAttack,#TruthMatters,1
#IsraelUnderAttack,#StopJewHate,1
#IsraelUnderAttack,#StandWithJews,1
#NeverForget,#StopJewHate,1
#NeverForget,#StandWithJews,1
#NeverForget,#StandWithIsrael,1
#NeverAgain,#WeStandWithIsrael,1
#NeverAgain,#WeRemember,1
#NeverAgain,#TruthMatters,1
#NeverAgain,#StopJewHate,1
#NeverAgain,#StandWithJews,1
#NeverAgain,#StandWithIsrael,1
#NeverAgain,#NeverForget,1
#JewishVoices,#WeStandWithIsrael,1
#JewishVoices,#WeRemember,1
#JewishVoices,#TruthMatters,1
#JewishVoices,#StopJewHate,1
#JewishVoices,#StandWithJews,1
#JewishVoices,#StandWithIsrael,1
#TruthMatters,#WeRemember,1
#StopJewHate,#WeStandWithIsrael,1
#StopJewHate,#WeRemember,1
#StopJewHate,#TruthMatters,1
#StandWithJews,#WeStandWithIsrael,1
#StandWithJews,#WeRemember,1
#StandWithJews,#TruthMatters,1
#StandWithJews,#StopJewHate,1
#StandWithIsrael,#WeStandWithIsrael,1
#StandWithIsrael,#WeRemember,1
#StandWithIsrael,#TruthMatters,1
#StandWithIsrael,#StopJewHate,1
#StandWithIsrael,#StandWithJews,1
#NeverForget,#WeStandWithIsrael,1
#NeverForget,#WeRemember,1
#NeverForget,#TruthMatters,1
#MeccaPact,#TurkicCentury,1
#EastMed,#TurkicCentury,1
#EastMed,#MeccaPact,1
#Diplomacy,#TurkicCentury,1
#Diplomacy,#MeccaPact,1
#Diplomacy,#EastMed,1
#MiddleEastSecurity,#StratOptic,1
#Geopolitics,#StratOptic,1
#CollectiveDefence,#StratOptic,1
#CollectiveDefence,#MiddleEastSecurity,1
#CollectiveDefence,#Geopolitics,1
#4,#StrategicAffairs,1
#4,#Geopolitics,1
#4,#Defence,1
#WeRemember,#WeStandWithIsrael,1
#TruthMatters,#WeStandWithIsrael,1
#Defence,#MakkahAgreement,1
#Iran,#IranWar‌,1
#NationalSecurity,#WestAsia,1
#MeccaPact,#NationalSecurity,1
#IndianOcean,#WestAsia,1
#IndianOcean,#Turkey,1
#IndianOcean,#SaudiArabia,1
#IndianOcean,#Pakistan,1
#IndianOcean,#NationalSecurity,1
#IndianOcean,#MeccaPact,1
#India,#IndianOcean,1
#Geopolitics,#IndianOcean,1
#Defence,#WestAsia,1
#Defence,#NationalSecurity,1
#Defence,#IndianOcean,1
#MakkahPact,#NATO,1
#EU,#IRAN,1
#EU,#HOUTHI,1
#EU,#HORMUZ,1
#DRONE,#USA,1
#DRONE,#SAUDiARABIA,1
#DRONE,#PAKISTAN,1
#DRONE,#News,1
#DRONE,#IRAN,1
#DRONE,#HOUTHI,1
#DRONE,#HORMUZ,1
#DRONE,#EU,1
#BreakingNews,#USA,1
#MakkahPact,#StrafAsia,1
#Geopolitics,#StrafAsia,1
#MeccaDefenceAgreement,#MeccaPact,1
#MakkahAgreement,#Security,1
#Iranian,#US,1
#Iranian,#Türkiye,1
#Iranian,#Tehran,1
#Iranian,#Saudi_Arabia,1
#Iranian,#Mecca_agreement,1
#Iran,#Tehran,1
#Iran,#Mecca_agreement,1
#MakkahDefencePact,#Türkiye,1
#StrafAsia,#Turkiye,1
#SaudiArabia,#StrafAsia,1
#RegionalSecurity,#Turkiye,1
#RegionalSecurity,#StrafAsia,1
#Pakistan,#StrafAsia,1
#EU,#SAUDiARABIA,1
#EU,#PAKISTAN,1
#EU,#News,1
#Mecca_Pact,#Pakistan,1
#Israel,#Turkiye,1
#Israel,#Saudi_Arabia,1
#Israel,#Mecca_Pact,1
#Iran,#Mecca_Pact,1
#India,#Saudi_Arabia,1
#India,#Mecca_Pact,1
#Tehran,#US,1
#Tehran,#Türkiye,1
#Saudi_Arabia,#Tehran,1
#Pakistan,#Tehran,1
#Mecca_agreement,#US,1
#Mecca_agreement,#Türkiye,1
#Mecca_agreement,#Tehran,1
#Mecca_agreement,#Saudi_Arabia,1
#Mecca_agreement,#Pakistan,1
#IranWar,#US,1
#IranWar,#UAE,1
#IranWar,#StraitOfHormuz,1
#IranWar,#Oil,1
#IranWar,#NorthKorea,1
#IranWar,#Iraq,1
#Iran,#NorthKorea,1
#Geopolitics,#US,1
#Geopolitics,#NorthKorea,1
#Geopolitics,#Iraq,1
#Turkiye,#UAE,1
#Saudi_Arabia,#UAE,1
#Saudi_Arabia,#Turkiye,1
#Mecca_Pact,#UAE,1
#Mecca_Pact,#Turkiye,1
#Mecca_Pact,#Saudi_Arabia,1
#NorthKorea,#Oil,1
#MiddleEast,#US,1
#MiddleEast,#Oil,1
#MiddleEast,#NorthKorea,1
#Israel,#Yemen,1
#Israel,#StraitOfHormuz,1
#Israel,#Oil,1
#Israel,#NorthKorea,1
#Iraq,#US,1
#Iraq,#UAE,1
#Iraq,#StraitOfHormuz,1
#Iraq,#Oil,1
#Iraq,#NorthKorea,1
#Iraq,#MiddleEast,1
#Iraq,#Israel,1
#IranWar,#Yemen,1
#Egypt,#Türkiye,1
#Egypt,#Saudi_Arabia,1
#US,#Yemen,1
#UAE,#Yemen,1
#UAE,#US,1
#StraitOfHormuz,#Yemen,1
#StraitOfHormuz,#US,1
#StraitOfHormuz,#UAE,1
#Oil,#Yemen,1
#Oil,#US,1
#Oil,#UAE,1
#Oil,#StraitOfHormuz,1
#NorthKorea,#Yemen,1
#NorthKorea,#US,1
#NorthKorea,#UAE,1
#NorthKorea,#StraitOfHormuz,1
#MeccaPact,#MiddleEastSecurity,1
#Iran,#SunniAlliance,1
#Iran,#MiddleEastSecurity,1
#AbrahamAccords,#Turkey,1
#AbrahamAccords,#SunniAlliance,1
#AbrahamAccords,#SaudiArabia,1
#AbrahamAccords,#Pakistan,1
#AbrahamAccords,#MiddleEastSecurity,1
#AbrahamAccords,#Iran,1
#MiddleEast,#Realism,1
#IranWar,#Realism,1
#China,#Realism,1
#China,#MiddleEast,1
#China,#IranWar,1
#AbrahamAccords,#Mecca,1
#Israel,#Palestine,1
#Mecca,#Saudi,1
#Israel,#Saudi,1
#Israel,#Mecca,1
#Gulf,#US,1
#Gulf,#Saudi,1
#Gulf,#Mecca,1
#Gulf,#Iran,1
#DefenseAgreement,#Turkey,1
#DefenseAgreement,#TVOneUSA,1
#DefenseAgreement,#SaudiArabia,1
#DefenseAgreement,#Pakistan,1
#SunniAlliance,#Turkey,1
#SaudiArabia,#SunniAlliance,1
#Pakistan,#SunniAlliance,1
#MiddleEastSecurity,#SunniAlliance,1
#MeccaPact,#SunniAlliance,1
#Economy,#Pakistan,1
#Economy,#MiddleEast,1
#Economy,#Iran,1
#Economy,#Geopolitics,1
#BreakingNews,#TransitionProtocol,1
#BreakingNews,#StraitOfHormuz,1
#BreakingNews,#PowerShift,1
#BreakingNews,#Economy,1
#BRICS,#TransitionProtocol,1
#BRICS,#StraitOfHormuz,1
#BRICS,#PowerShift,1
#BRICS,#MiddleEast,1
#BRICS,#Iran,1
#BRICS,#Economy,1
#BRICS,#BreakingNews,1
#Saudi,#US,1
#BreakingNews,#News,1
#BreakingNews,#IRAN,1
#BreakingNews,#HOUTHI,1
#BreakingNews,#HORMUZ,1
#BreakingNews,#EU,1
#BreakingNews,#DRONE,1
#Breaking,#USA,1
#Breaking,#SAUDiARABIA,1
#Breaking,#PAKISTAN,1
#Breaking,#News,1
#Breaking,#IRAN,1
#Breaking,#HOUTHI,1
#Breaking,#HORMUZ,1
#Breaking,#EU,1
#Economy,#StraitOfHormuz,1
#Economy,#PowerShift,1
#Turkiye,#WorldNews,1
#StraitOfHormuz,#TransitionProtocol,1
#PowerShift,#TransitionProtocol,1
#PowerShift,#StraitOfHormuz,1
#Pakistan,#TransitionProtocol,1
#Pakistan,#StraitOfHormuz,1
#Pakistan,#PowerShift,1
#MiddleEast,#TransitionProtocol,1
#MiddleEast,#PowerShift,1
#Iran,#TransitionProtocol,1
#Iran,#PowerShift,1
#Geopolitics,#TransitionProtocol,1
#Geopolitics,#PowerShift,1
#Economy,#TransitionProtocol,1
#BreakingNews,#SAUDiARABIA,1
#BreakingNews,#PAKISTAN,1
#Geopolitics,#cineinkpodcast,1
#AyeshaSiddiqa,#cineinkpodcast,1
#Breaking,#DRONE,1
#Breaking,#BreakingNews,1
#ANDURIL,#USA,1
#ANDURIL,#SAUDiARABIA,1
#ANDURIL,#PAKISTAN,1
#ANDURIL,#News,1
#ANDURIL,#IRAN,1
#ANDURIL,#HOUTHI,1
#ANDURIL,#HORMUZ,1
#ANDURIL,#EU,1
#ANDURIL,#DRONE,1
#ANDURIL,#BreakingNews,1
#ANDURIL,#Breaking,1
#WorldNews,#Yemen,1
#Iran,#الرياض,1
#Iran,#PaksitanAirforce,1
#Iran,#PakistanNews,1
#Iran,#MakkahDefenceAgreement,1
#Iran,#LamhaNews,1
#Strategy,#WestPoint,1
#Iran,#WestPoint,1
#Iran,#Strategy,1
#Hormuz,#WestPoint,1
#Hormuz,#Strategy,1
#ME,#OSINT,1
#TurkeyPakistanSaudi,#cineinkpodcast,1
#MuslimNATO,#cineinkpodcast,1
#MiddleEastSecurity,#cineinkpodcast,1
#MakkahDefencePact,#cineinkpodcast,1
#LondonVarta,#cineinkpodcast,1
#LamhaNews,#الرياض,1
#LamhaNews,#Türkiye,1
#LamhaNews,#PaksitanAirforce,1
#LamhaNews,#PakistanNews,1
#LamhaNews,#PakistanArmy,1
#LamhaNews,#Pakistan,1
#LamhaNews,#MakkahDefenceAgreement,1
#IslamicNato,#السعودية,1
#IslamicNato,#الرياض,1
#IslamicNato,#Türkiye,1
#IslamicNato,#PaksitanAirforce,1
#IslamicNato,#PakistanNews,1
#IslamicNato,#PakistanArmy,1
#IslamicNato,#MakkahDefenceAgreement,1
#IslamicNato,#LamhaNews,1
#Iran,#السعودية,1
#PakistanArmy,#السعودية,1
#PakistanArmy,#الرياض,1
#PakistanArmy,#Türkiye,1
#PakistanArmy,#PaksitanAirforce,1
#PakistanArmy,#PakistanNews,1
#Pakistan,#السعودية,1
#Pakistan,#الرياض,1
#Pakistan,#PaksitanAirforce,1
#Pakistan,#PakistanNews,1
#MakkahDefenceAgreement,#السعودية,1
#MakkahDefenceAgreement,#الرياض,1
#MakkahDefenceAgreement,#Türkiye,1
#MakkahDefenceAgreement,#PaksitanAirforce,1
#MakkahDefenceAgreement,#PakistanNews,1
#MakkahDefenceAgreement,#PakistanArmy,1
#LamhaNews,#السعودية,1
#IndiaSecurity,#Iran,1
#Geopolitics,#NuclearDeterrence,1
#Iranian,#Turkey,1
#Iranian,#SaudiArabia,1
#Iranian,#Mecca,1
#PakistanNews,#RedSeaAttack,1
#الرياض,#السعودية,1
#Türkiye,#السعودية,1
#Türkiye,#الرياض,1
#PaksitanAirforce,#السعودية,1
#PaksitanAirforce,#الرياض,1
#PaksitanAirforce,#Türkiye,1
#PakistanNews,#السعودية,1
#PakistanNews,#الرياض,1
#PakistanNews,#Türkiye,1
#PakistanNews,#PaksitanAirforce,1
#PakistanZindabad,#Türkiye,1
#PakistanZindabad,#SaudiArabia,1
#Pakistan,#PakistanZindabad,1
#Iran,#PakistanZindabad,1
#CDFForPakistan,#Türkiye,1
#CDFForPakistan,#SaudiArabia,1
#CDFForPakistan,#PakistanZindabad,1
#CDFForPakistan,#Pakistan,1
#CDFForPakistan,#Iran,1
#NuclearDeterrence,#Turkey,1
#NuclearDeterrence,#SaudiArabia,1
#NuclearDeterrence,#Pakistan,1
#MeccaPact,#NuclearDeterrence,1
#Iran,#NuclearDeterrence,1
#IndiaSecurity,#NuclearDeterrence,1
#IndiaSecurity,#MeccaPact,1
#Iran,#WorldNews,1
#Macroeconomics,#SupplyChain,1
#Macroeconomics,#SpatialRisk,1
#Macroeconomics,#OSINT,1
#Macroeconomics,#MarketIntelligence,1
#MacroRisk,#OSINT,1
#MacroRisk,#MarketIntelligence,1
#MacroRisk,#Macroeconomics,1
#GlobalTrade,#OSINT,1
#GlobalTrade,#MarketIntelligence,1
#GlobalTrade,#Macroeconomics,1
#Geopolitics,#OSINT,1
#Geopolitics,#MarketIntelligence,1
#Geopolitics,#Macroeconomics,1
#Au79Macro,#OSINT,1
#Au79Macro,#MarketIntelligence,1
#Cyprus,#USA,1
#Cyprus,#Turkey,1
#Cyprus,#SaudiArabia,1
#Cyprus,#Pakistan,1
#Cyprus,#NATO,1
#Cyprus,#Jihadism,1
#Cyprus,#Islamism,1
#Cyprus,#Iran,1
#Cyprus,#Erbakanism,1
#Cyprus,#EU,1
#OSINT,#SupplyChain,1
#OSINT,#SpatialRisk,1
#MarketIntelligence,#SupplyChain,1
#MarketIntelligence,#SpatialRisk,1
#MarketIntelligence,#OSINT,1
#MakkahPact,#WorldNews,1
#Houthis,#MakkahPact,1
#BreakingNews,#WorldNews,1
#Erbakanism,#Greece,1
#EU,#panIslamism,1
#EU,#Turkey,1
#EU,#SaudiArabia,1
#EU,#Pakistan,1
#EU,#NATO,1
#EU,#Jihadism,1
#EU,#Israel,1
#EU,#Islamism,1
#EU,#Iran,1
#EU,#India,1
#EU,#Greece,1
#EU,#Erbakanism,1
#Cyprus,#panIslamism,1
#Greece,#NATO,1
#Greece,#Jihadism,1
#Greece,#Islamism,1
#Greece,#Iran,1
#Erbakanism,#panIslamism,1
#Erbakanism,#USA,1
#Erbakanism,#Turkey,1
#Erbakanism,#SaudiArabia,1
#Erbakanism,#Pakistan,1
#Erbakanism,#NATO,1
#Erbakanism,#Jihadism,1
#Erbakanism,#Israel,1
#Erbakanism,#Islamism,1
#Erbakanism,#Iran,1
#Erbakanism,#India,1
#Houthis,#WorldNews,1
#Genius30,#Geopolitics,1
#Israel,#panIslamism,1
#Israel,#Jihadism,1
#Islamism,#NATO,1
#Islamism,#Israel,1
#Iran,#panIslamism,1
#Iran,#Jihadism,1
#Iran,#Islamism,1
#India,#panIslamism,1
#India,#NATO,1
#India,#Jihadism,1
#India,#Islamism,1
#Greece,#panIslamism,1
#Greece,#USA,1
#Greece,#SaudiArabia,1
#Greece,#Pakistan,1
#HormuzControl,#ProfessorPape,1
#HormuzControl,#IranHardPower,1
#GulfRealignment,#TrumpParalysis,1
#GulfRealignment,#StrategicParalysis,1
#GulfRealignment,#ProfessorPape,1
#GulfRealignment,#IranHardPower,1
#GulfRealignment,#HormuzControl,1
#EscalationTrap,#TrumpParalysis,1
#EscalationTrap,#StrategicParalysis,1
#EscalationTrap,#ProfessorPape,1
#EscalationTrap,#IranHardPower,1
#EscalationTrap,#HormuzControl,1
#EscalationTrap,#GulfRealignment,1
#NATO,#panIslamism,1
#Jihadism,#NATO,1
#Genius30,#India,1
#TheRussianSpring,#USA,1
#Iran,#TheRussianSpring,1
#GoodTriumphs,#USA,1
#GoodTriumphs,#TheRussianSpring,1
#GoodTriumphs,#Iran,1
#Geopolitics,#TheRussianSpring,1
#Geopolitics,#GoodTriumphs,1
#US,#USA,1
#StrategicParalysis,#TrumpParalysis,1
#ProfessorPape,#TrumpParalysis,1
#ProfessorPape,#StrategicParalysis,1
#IranHardPower,#TrumpParalysis,1
#IranHardPower,#StrategicParalysis,1
#IranHardPower,#ProfessorPape,1
#HormuzControl,#TrumpParalysis,1
#HormuzControl,#StrategicParalysis,1
#Egypt,#India,1
#Egypt,#Houthis,1
#BalanceofPower,#USA,1
#BalanceofPower,#Turkiye,1
#BalanceofPower,#SouthAsia,1
#BalanceofPower,#SaudiArabia,1
#BalanceofPower,#RedSea,1
#BalanceofPower,#Pakistan,1
#BalanceofPower,#MiddleEast,1
#BalanceofPower,#MakkahMutualDefenceAgreement,1
#BalanceofPower,#IranWar,1
#BalanceofPower,#Iran,1
#BalanceofPower,#India,1
#BalanceofPower,#Houthis,1
#BalanceofPower,#Egypt,1
#IranWar‌,#MiddleEast,1
#Houthis,#RedSeaSecurity,1
#Cyprus,#geopolitics,1
#Cyprus,#UAE,1
#Cyprus,#MeccaDefenseAgreement,1
#Cyprus,#MakkahAgreement,1
#RedSea,#USA,1
#RedSea,#SouthAsia,1
#MakkahMutualDefenceAgreement,#USA,1
#MakkahMutualDefenceAgreement,#Turkiye,1
#MakkahMutualDefenceAgreement,#SouthAsia,1
#MakkahMutualDefenceAgreement,#SaudiArabia,1
#MakkahMutualDefenceAgreement,#RedSea,1
#MakkahMutualDefenceAgreement,#Pakistan,1
#MakkahMutualDefenceAgreement,#MiddleEast,1
#IranWar,#Turkiye,1
#IranWar,#SouthAsia,1
#MeccaDefenseAgreement,#UAE,1
#MakkahAgreement,#geopolitics,1
#MakkahAgreement,#UAE,1
#MakkahAgreement,#MeccaDefenseAgreement,1
#Israel,#geopolitics,1
#Israel,#MeccaDefenseAgreement,1
#Israel,#MakkahAgreement,1
#India,#geopolitics,1
#India,#MeccaDefenseAgreement,1
#India,#MakkahAgreement,1
#Greece,#geopolitics,1
#Greece,#UAE,1
#Greece,#MeccaDefenseAgreement,1
#BreakingNews,#MeccaPact,1
#Pakistan,#RedSeaSecurity,1
#MeccaPact,#RedSeaSecurity,1
